district_code,hmis_state,hmis_district,hmis_census2011_code,cen_urban_total,cen_rural_total,cen_per_rural,cen_pop_total,dlhs3_hosp_count,dlhs4_hosp_count,ahs_imr,ahs_mmr,sc,phc,chc,sdh,dh,dlhs3_hosp_gynec_count,dlhs4_hosp_gynec_count,dlhs3_hosp_surgeon_count,dlhs4_hosp_surgeon_count,iphs_sc,iphs_sc_anm,iphs_phc,iphs_phc_mo,iphs_hosp,iphs_hosp_gynec,iphs_hosp_surgeon
1,"Jammu & Kashmir","ANANTNAG",14,282667,794985,73.770104,1077652,13,,,,127,44,6,0,2,5,,6,,8485.449,15000,24492.09,100000,500000,500000,500000
2,"Jammu & Kashmir","BADGAM",2,97825,655309,87.010944,753134,7,,,,118,53,9,0,1,5,,5,,6382.492,15000,14210.08,100000,500000,500000,500000
3,"Jammu & Kashmir","BARAMULA",8,182249,824447,81.896322,1006696,9,,,,138,55,12,0,1,2,,7,,7294.898,15000,18303.56,100000,500000,500000,500000
4,"Jammu & Kashmir","DODA",16,32627,376882,92.032654,409509,8,,,,109,33,3,0,1,2,,5,,3756.963,15000,12409.36,100000,500000,500000,500000
5,"Jammu & Kashmir","JAMMU",21,764211,764096,49.996238,1528307,7,,,,192,54,20,0,3,7,,7,,7959.932,15000,28301.98,100000,500000,500000,500000
6,"Jammu & Kashmir","KARGIL",4,16316,124265,88.39388,140581,4,,,,117,16,4,0,1,2,,1,,1201.547,15000,8786.313,100000,500000,500000,500000
7,"Jammu & Kashmir","KATHUA",7,89655,526016,85.437839,615671,4,,,,157,40,6,0,2,4,,4,,3921.471,15000,15391.78,100000,500000,500000,500000
8,"Jammu & Kashmir","KUPWARA",1,104537,764336,87.968667,868873,6,,,,196,39,8,0,1,2,,2,,4433.025,15000,22278.79,100000,500000,500000,500000
9,"Jammu & Kashmir","LEH LADAKH",3,45580,87657,65.790283,133237,2,,,,122,16,3,0,1,1,,1,,1092.107,15000,8327.313,100000,500000,500000,500000
10,"Jammu & Kashmir","POONCH",5,38549,437582,91.903699,476131,4,,,,112,32,3,0,1,2,,3,,4251.169,15000,14879.09,100000,500000,500000,500000
11,"Jammu & Kashmir","PULWAMA",12,80365,479379,85.642544,559744,6,,,,103,49,5,0,1,3,,4,,5434.408,15000,11423.35,100000,500000,500000,500000
12,"Jammu & Kashmir","RAJOURI",6,52120,589267,91.873861,641387,7,,,,143,42,11,0,1,5,,5,,4485.224,15000,15271.12,100000,500000,500000,500000
13,"Jammu & Kashmir","SRINAGAR",10,1217841,17288,1.3996919,1235129,4,,,,81,35,16,0,5,2,,4,,15000,15000,35289.4,100000,500000,500000,500000
14,"Jammu & Kashmir","UDHAMPUR",19,108129,446558,80.506304,554687,6,,,,115,37,6,0,1,3,,5,,4823.365,15000,14991.54,100000,500000,500000,500000
15,"Himachal Pradesh","BILASPUR",30,25095,356440,93.422622,381535,8,8,,,121,34,6,5,1,1,1,1,1,3153.182,3153.182,11221.62,25248.64,47691.88,381535,381535
16,"Himachal Pradesh","CHAMBA",23,36076,482651,93.045282,518727,8,9,,,176,41,7,4,1,1,1,1,1,2947.313,4052.555,12651.88,22773.38,57636.33,500000,500000
17,"Himachal Pradesh","HAMIRPUR",28,31409,423217,93.091244,454626,7,7,,,160,26,5,2,1,1,1,0,1,2841.413,2933.071,17485.62,20664.82,64946.57,454626,454626
18,"Himachal Pradesh","KANGRA",24,86123,1419050,94.278199,1505173,18,12,,,442,80,14,9,2,1,1,1,2,3405.369,3714.948,18814.66,19859.92,125431.1,500000,500000
19,"Himachal Pradesh","KINNAUR",34,0,84034,100,84034,5,5,,,38,21,4,2,1,0,1,0,1,2211.421,2948.562,4001.619,4925.07,16806.8,84034,84034
20,"Himachal Pradesh","KULLU",26,41362,396157,90.546239,437519,9,7,,,101,17,5,3,1,1,1,0,1,4331.871,4708.556,25736.41,42894.02,62502.71,437519,437519
21,"Himachal Pradesh","LAHUL SPITI",25,0,31309,100,31309,4,3,,,35,15,3,1,1,0,0,0,3,894.5428,1118.179,2087.267,2087.267,10436.33,500000,10436.33
22,"Himachal Pradesh","MANDI",27,62551,935716,93.734041,998267,13,11,,,335,60,12,6,1,2,2,2,3,2979.902,3099.098,16637.78,19410.75,90751.55,499133.5,332755.7
23,"Himachal Pradesh","SHIMLA",33,201133,612121,75.26812,813254,12,11,,,256,86,7,10,3,1,3,1,4,3176.773,3353.261,9456.441,9456.441,73932.18,271084.7,203313.5
24,"Himachal Pradesh","SIRMAUR",32,57145,472409,89.208844,529554,6,5,,,151,38,3,5,1,1,1,2,1,3506.98,4144.613,13935.63,19161.49,105910.8,500000,500000
25,"Himachal Pradesh","SOLAN",31,102007,477502,82.397685,579509,8,6,,,195,34,5,6,1,2,2,1,2,2971.841,2971.841,17044.38,18261.84,96584.84,289754.5,289754.5
26,"Himachal Pradesh","UNA",29,44874,476058,91.385824,520932,6,5,,,134,20,5,2,1,3,2,1,2,3887.552,4186.595,26046.6,28940.67,104186.4,260466,260466
27,"Punjab","AMRITSAR",49,1333716,1154960,46.408612,2488676,10,9,,,213,47,20,2,3,5,3,4,4,11683.92,12170.75,52950.55,62577.93,276519.6,500000,500000
28,"Punjab","BATHINDA",46,498999,888918,64.046913,1387917,7,10,,,167,26,19,3,2,3,6,5,7,8310.88,13712.95,53381.42,53381.42,138791.7,231319.5,198273.9
29,"Punjab","FARIDKOT",45,216122,399101,64.870949,615223,3,4,,,67,11,7,2,2,1,3,1,3,9182.433,11805.99,55929.36,62920.54,153805.8,205074.3,205074.3
30,"Punjab","FATEHGARH SAHIB",40,185058,413769,69.096584,598827,4,6,,,86,16,14,3,1,2,2,4,3,6963.104,13926.21,37426.69,56140.03,99804.5,299413.5,199609
31,"Punjab","FIROZPUR",43,552438,1476050,72.766021,2028488,10,11,,,132,23,11,1,1,4,1,6,4,15000,15000,88195.13,100000,184408,500000,500000
32,"Punjab","GURDASPUR",35,658856,1637219,71.305119,2296075,20,15,,,235,33,27,1,1,7,10,12,8,9770.532,9770.532,69578.03,100000,153071.7,229607.5,287009.4
33,"Punjab","HOSHIARPUR",38,334768,1250426,78.881575,1585194,14,17,,,272,36,26,4,2,7,6,7,10,5827.919,10024.02,44033.17,52839.8,93246.7,264199,158519.4
34,"Punjab","JALANDHAR",37,1160267,1031769,47.068981,2192036,15,9,,,226,38,25,3,1,9,5,10,6,9699.274,13471.21,57685.16,57685.16,243559.6,438407.2,365339.3
35,"Punjab","KAPURTHALA",36,282078,531410,65.324873,813488,7,7,,,122,15,16,4,1,4,3,5,5,6667.935,10177.37,54232.54,61980.04,116212.6,271162.7,162697.6
36,"Punjab","LUDHIANA",41,2068011,1427821,40.843525,3495832,11,15,,,316,50,30,6,2,8,11,7,10,11062.76,14967.26,69916.64,100000,233055.5,317802.9,349583.2
37,"Punjab","MANSA",47,162752,604283,78.781672,767035,6,5,,,106,15,11,2,1,2,4,5,4,7236.179,10575.95,51135.67,100000,153407,191758.8,191758.8
38,"Punjab","MOGA",42,225828,763174,77.166072,989002,8,6,,,139,25,14,0,1,5,6,2,1,7115.122,8580,39560.08,68331.05,164833.7,164833.7,500000
39,"Punjab","MUKTSAR",44,251520,648572,72.05619,900092,7,7,,,108,23,13,3,1,2,3,2,2,8334.186,8797.195,39134.43,55906.34,128584.6,300030.7,450046
40,"Punjab","NAWANSHAHR",39,125097,485115,79.49942,610212,6,6,,,100,18,11,1,1,2,0,3,3,6102.12,9857.271,33900.67,84751.66,101702,500000,203404
41,"Punjab","PATIALA",48,762873,1131825,59.736433,1894698,14,11,,,328,47,25,8,2,7,10,9,8,5776.518,13330.43,40312.72,48375.27,172245.3,189469.8,236837.3
42,"Punjab","RUPNAGAR",51,177445,504986,73.998104,682431,5,7,,,90,14,9,1,2,4,3,2,4,7582.567,10207.3,48745.07,54838.21,97490.14,227477,170607.8
43,"Punjab","SANGRUR",53,515102,1135983,68.802212,1651085,7,13,,,208,36,20,4,1,4,4,2,8,7937.909,11906.86,45863.47,100000,127006.5,412771.3,206385.6
44,"Chandigarh","CHANDIGARH",55,1026119,28985,2.7471226,1055104,3,3,,,50,43,2,0,4,3,3,3,2,15000,15000,24537.3,100000,351701.3,351701.3,500000
45,"Uttarakhand","ALMORA",64,62161,559666,90.00349,621827,7,9,20,183,197,29,4,3,2,2,2,1,3,3156.482,3209.09,21442.31,26207.27,69091.89,310913.5,207275.7
46,"Uttarakhand","BAGESHWAR",63,9078,250651,96.504818,259729,3,3,31,183,80,12,2,0,1,1,1,1,1,3246.613,3302.589,21644.08,28858.78,86576.34,259729,259729
47,"Uttarakhand","CHAMOLI",57,59279,331491,84.830207,390770,10,6,27,190,110,12,5,0,1,1,2,2,2,3552.455,3624.954,32564.17,32564.17,65128.33,195385,195385
48,"Uttarakhand","CHAMPAWAT",65,38317,221234,85.237198,259551,5,4,37,183,71,6,2,1,1,2,3,1,2,3655.648,3655.648,43258.5,43258.5,64887.75,86517,129775.5
49,"Uttarakhand","DEHRADUN",60,938270,752573,44.508745,1690843,9,13,37,190,179,34,7,5,2,6,7,4,7,9446.05,9771.776,49730.68,54251.65,130064.8,241549,241549
50,"Uttarakhand","HARDWAR",68,692369,1196365,63.342165,1888734,7,11,72,190,169,40,7,3,2,3,5,0,3,11175.94,11175.94,47218.35,100000,171703.1,377746.8,500000
51,"Uttarakhand","NAINITAL",66,371027,581669,61.055048,952696,11,16,31,183,151,23,8,6,2,3,10,1,7,6309.245,6309.245,41421.57,41421.57,59543.5,95269.6,136099.4
52,"Uttarakhand","GARHWAL",61,112562,573831,83.60094,686393,16,10,43,190,241,32,5,4,2,1,4,1,3,2848.104,2848.104,21449.78,21449.78,68639.3,171598.3,228797.7
53,"Uttarakhand","PITHORAGARH",62,69520,413240,85.59947,482760,9,6,20,183,164,18,4,1,2,3,1,1,1,2943.658,2943.658,26820,26820,80460,482760,482760
54,"Uttarakhand","RUDRAPRAYAG",58,9899,231914,95.906341,241813,4,3,19,190,77,11,2,0,1,1,1,0,0,3140.428,3305.714,21983,21983,80604.34,241813,500000
55,"Uttarakhand","TEHRI GARHWAL",59,69996,547697,88.668157,617693,11,5,61,190,212,31,5,2,1,1,2,1,0,2913.646,3052.391,19925.58,19925.58,123538.6,308846.5,500000
56,"Uttarakhand","UDHAM SINGH NAGAR",67,586481,1060726,64.395428,1647207,9,9,37,183,154,29,6,2,1,6,5,4,4,10696.15,10696.15,56800.24,96560.41,183023,329441.4,411801.8
57,"Uttarakhand","UTTARKASHI",56,24243,305425,92.646238,329668,7,4,38,190,84,10,6,0,1,2,2,1,1,3924.619,3924.619,32966.8,32966.8,82417,164834,329668
58,"Haryana","AMBALA",70,500431,627239,55.622567,1127670,0,7,,,123,21,7,2,2,,3,,1,9168.049,10634.94,53698.57,59665.08,161095.7,375890,500000
59,"Haryana","BHIWANI",81,320755,1311393,80.347677,1632148,0,14,,,226,49,10,4,1,,3,,2,7221.894,7489.372,33309.14,51814.22,116582,500000,500000
60,"Haryana","FARIDABAD",88,1437543,370406,20.487635,1807949,4,4,,,88,27,9,3,1,3,2,2,2,15000,15000,66961.07,66961.07,451987.3,500000,500000
61,"Haryana","FATEHABAD",78,179140,761083,80.947073,940223,5,6,,,127,21,6,1,1,2,2,1,2,7403.331,8460.949,44772.52,74620.88,156703.8,470111.5,470111.5
62,"Haryana","GURGAON",86,1041861,472078,31.182102,1513939,4,5,,,106,41,5,2,2,1,1,1,1,14282.44,14282.44,36925.34,41541.01,302787.8,500000,500000
63,"Haryana","HISAR",80,551841,1187634,68.275428,1739475,9,11,,,217,42,12,2,2,4,4,3,1,8016.014,9070.753,41416.07,49181.59,158134.1,434868.8,500000
64,"Haryana","JHAJJAR",83,243109,714317,74.608064,957426,5,8,,,146,37,7,2,1,0,5,0,2,6557.712,6557.712,25876.38,27724.69,119678.3,191485.2,478713
65,"Haryana","JIND",77,305372,1027895,77.095961,1333267,9,9,,,169,33,8,1,1,3,4,3,1,7889.154,8742.035,40402.03,98119.22,148140.8,333316.8,500000
66,"Haryana","KAITHAL",73,235651,836676,78.024334,1072327,1,7,,,147,26,7,0,1,,1,,1,7294.742,8684.216,41243.35,67020.44,153189.6,500000,500000
67,"Haryana","KARNAL",74,452804,1047261,69.814375,1500065,6,8,,,156,32,7,1,1,2,2,2,3,9615.802,11175.12,46877.03,61300.73,187508.1,500000,500000
68,"Haryana","KURUKSHETRA",72,278765,684315,71.054845,963080,5,6,,,123,25,7,0,1,1,1,2,1,7829.918,11309.88,38523.2,38523.2,160513.3,500000,500000
69,"Haryana","MAHENDRAGARH",84,132719,787931,85.584207,920650,7,9,,,139,27,8,1,1,1,1,1,1,6623.381,6899.355,34098.15,37886.83,102294.4,500000,500000
70,"Haryana","PANCHKULA",69,312506,247254,44.171431,559760,3,3,,,66,19,7,0,1,2,3,2,2,8481.212,8952.391,29461.05,41245.47,186586.7,186586.7,279880
71,"Haryana","PANIPAT",75,554934,650149,53.950558,1205083,4,4,,,104,27,6,0,1,0,1,2,1,11587.34,11587.34,44632.7,61369.97,301270.8,500000,500000
72,"Haryana","REWARI",85,233360,666648,74.071342,900008,6,7,,,118,21,6,1,1,1,1,0,1,7627.187,7627.187,42857.52,42857.52,128572.6,500000,500000
73,"Haryana","ROHTAK",82,446063,614717,57.949528,1060780,6,6,,,134,26,11,1,2,1,2,2,1,7916.269,8163.652,40799.23,43937.63,176796.7,500000,500000
74,"Haryana","SIRSA",79,318391,974366,75.371164,1292757,8,9,,,160,35,9,0,1,3,3,3,2,8079.731,9142.854,36935.91,36935.91,143639.7,430919,500000
75,"Haryana","SONIPAT",76,452835,995900,68.742731,1448735,7,8,,,176,41,10,1,2,2,5,3,5,8231.449,8231.449,35335,40771.15,181091.9,289747,289747
76,"Haryana","YAMUNANAGAR",71,472663,741244,61.062668,1213907,7,8,,,125,28,7,2,1,4,2,1,2,9711.256,12543.71,43353.82,48170.91,151738.4,500000,500000
77,"Delhi","CENTRAL",95,581631,0,0,581631,,,,,57,85,16,14,12,,,,,10204.05,15000,6842.718,100000,500000,500000,500000
78,"Delhi","EAST",93,1704719,3525,.20635225,1708244,,,,,30,40,17,5,5,,,,,15000,15000,42706.1,100000,500000,500000,500000
79,"Delhi","NEW DELHI",94,141762,0,0,141762,,,,,18,87,10,4,8,,,,,7875.667,15000,1629.448,100000,500000,500000,500000
80,"Delhi","NORTH",91,869871,17744,1.9990649,887615,0,,,,35,39,14,0,3,,,,,15000,15000,22759.36,100000,500000,500000,500000
81,"Delhi","NORTH EAST",92,2217266,21491,.95995233,2238757,0,,,,28,43,20,0,2,,,,,15000,15000,52064.12,100000,500000,500000,500000
82,"Delhi","NORTH WEST",90,3441264,213806,5.8495733,3655070,0,,,,61,63,50,3,10,,,,,15000,15000,58016.98,100000,500000,500000,500000
83,"Delhi","SOUTH",98,2716513,12175,.44618513,2728688,0,,,,34,56,22,1,4,,,,,15000,15000,48726.57,100000,500000,500000,500000
84,"Delhi","SOUTH WEST",97,2145475,143364,6.2636123,2288839,0,,,,44,46,8,5,4,,,,,15000,15000,49757.37,100000,500000,500000,500000
85,"Delhi","WEST",96,2534213,6420,.25269293,2540633,0,,,,88,105,45,0,6,,,,,15000,15000,24196.5,100000,500000,500000,500000
86,"Rajasthan","AJMER",119,1034042,1545026,59.906369,2579068,12,19,57,338,410,90,21,14,2,6,9,6,6,6290.41,7863.012,28656.31,51581.36,135740.4,286563.1,429844.7
87,"Rajasthan","ALWAR",104,654109,3018749,82.190735,3672858,22,29,59,319,744,140,37,16,1,7,4,10,8,4936.637,4936.637,26234.7,27006.31,126650.3,500000,459107.3
88,"Rajasthan","BANSWARA",125,126322,1649475,92.886462,1775797,13,20,62,364,472,64,22,9,1,3,2,6,5,3762.282,4040.969,27746.83,31446.4,88789.85,500000,355159.4
89,"Rajasthan","BARAN",128,254060,967588,79.203502,1221648,10,10,62,343,280,55,13,8,1,3,4,5,2,4363.029,5311.513,22211.78,28875.32,122164.8,305412,500000
90,"Rajasthan","BARMER",115,179875,2405352,93.042197,2585227,14,19,72,322,774,109,22,10,1,5,1,5,3,3340.087,3340.087,23717.68,27670.63,136064.6,500000,500000
91,"Rajasthan","BHARATPUR",105,493844,2041160,80.519005,2535004,12,15,55,292,405,79,17,10,1,8,3,6,3,6259.269,6728.714,32088.66,36229.13,169000.3,500000,500000
92,"Rajasthan","BHILWARA",122,509359,1884594,78.723099,2393953,16,19,68,338,554,94,23,13,1,8,7,8,6,4321.215,5185.458,25467.59,27165.42,125997.5,341993.3,398992.2
93,"Rajasthan","BIKANER",101,794127,1555176,66.197336,2349303,9,12,54,343,448,75,13,8,1,2,2,3,3,5243.98,5768.378,31324.04,43371.75,195775.3,500000,500000
94,"Rajasthan","BUNDI",121,222657,887720,79.947621,1110377,7,10,65,343,215,39,11,6,1,2,2,3,2,5164.544,5164.544,28471.21,30250.66,111037.7,500000,500000
95,"Rajasthan","CHITTAURGARH",126,283888,1253455,81.533854,1537343,15,24,62,364,402,62,22,13,1,5,7,11,5,3824.236,4879.198,24795.86,29755.03,64055.96,219620.4,307468.6
96,"Rajasthan","CHURU",102,571893,1452201,71.745729,2024094,12,13,55,343,468,104,15,9,1,5,4,8,5,4324.987,5406.234,19462.44,24868.68,155699.5,500000,404818.8
97,"Rajasthan","DAUSA",109,199651,1416320,87.645137,1615971,8,11,57,319,335,53,15,6,1,4,4,4,3,4823.794,4984.587,30490.02,33699.5,146906.5,403992.8,500000
98,"Rajasthan","DHAULPUR",106,247276,958156,79.486524,1205432,7,8,63,292,235,36,9,6,1,2,2,2,4,5129.498,5129.498,33484.22,33484.22,150679,500000,301358
99,"Rajasthan","DUNGARPUR",124,88138,1289937,93.604267,1378075,9,13,67,364,372,62,16,7,1,2,3,2,2,3704.503,3962.956,22227.02,26092.58,106005.8,459358.3,500000
100,"Rajasthan","GANGANAGAR",99,529788,1423796,72.881228,1953584,12,13,60,343,440,68,16,9,1,2,2,4,4,4439.964,5350.726,28729.18,53038.48,150275.7,500000,488396
101,"Rajasthan","HANUMANGARH",100,346035,1407484,80.266253,1753519,10,15,54,343,386,63,15,8,1,3,5,5,2,4542.795,5191.766,27833.63,37111.51,116901.3,350703.8,500000
102,"Rajasthan","JAIPUR",110,3469416,3152269,47.605239,6621685,21,25,55,319,709,212,30,25,2,12,14,20,11,9339.471,9339.471,31234.36,32721.71,264867.4,472977.5,500000
103,"Rajasthan","JAISALMER",114,88983,580257,86.703873,669240,6,8,58,322,169,29,8,4,1,2,2,1,2,3960,4435.2,23077.24,42308.28,83655,334620,334620
104,"Rajasthan","JALOR",116,149034,1667439,91.795419,1816473,9,9,79,322,425,74,10,9,1,3,1,5,1,4274.054,4274.054,24546.93,36235.95,201830.3,500000,500000
105,"Rajasthan","JHALAWAR",129,229168,1181162,83.750753,1410330,15,15,65,343,337,47,15,8,0,4,3,9,5,4184.956,4649.951,30007.02,37067.5,94022,470110,282066
106,"Rajasthan","JHUNJHUNUN",103,486223,1636807,77.097686,2123030,14,22,54,319,653,156,33,9,1,6,6,7,5,3251.195,3422.31,13609.17,18649.6,96501.37,353838.3,424606
107,"Rajasthan","JODHPUR",113,1263690,2421698,65.710802,3685388,15,22,54,322,679,122,26,21,2,3,6,8,5,5427.67,6262.696,30208.1,40869.78,167517.6,500000,500000
108,"Rajasthan","KARAULI",107,217523,1232380,84.99741,1449903,6,9,68,292,291,43,10,7,1,3,3,2,4,4982.484,5812.898,33718.68,36528.56,161100.3,483301,362475.8
109,"Rajasthan","KOTA",127,1174991,773775,39.705896,1948766,10,12,36,343,217,66,13,12,1,2,7,6,6,8980.488,9429.513,29526.76,40263.76,162397.2,278395.2,324794.3
110,"Rajasthan","NAGAUR",112,636887,2669048,80.735042,3305935,21,28,59,338,853,144,31,15,1,6,6,10,6,3875.656,4462.877,22957.88,30904.84,118069.1,500000,500000
111,"Rajasthan","PALI",118,457604,1561199,77.332905,2018803,14,19,55,322,500,194,41,13,2,4,7,9,7,4037.606,4733.745,10406.2,11521.15,106252.8,288400.4,288400.4
112,"Rajasthan","RAJSAMAND",123,183710,972222,84.107197,1155932,9,10,65,364,272,50,12,9,1,2,1,5,5,4249.75,4654.488,23118.64,23118.64,115593.2,500000,231186.4
113,"Rajasthan","SAWAI MADHOPUR",108,266059,1068109,80.058059,1334168,7,9,67,292,288,51,13,7,1,2,3,2,2,4632.528,5177.531,26160.16,29066.84,148240.9,444722.7,500000
114,"Rajasthan","SIKAR",111,628902,2030139,76.348541,2659041,17,23,56,319,692,124,32,11,1,9,4,10,7,3842.545,4378.714,21443.88,23662.21,115610.5,500000,379863
115,"Rajasthan","SIROHI",117,208571,827371,79.866537,1035942,7,8,62,322,233,35,9,6,1,3,3,4,3,4446.103,4742.51,29598.34,29598.34,129492.8,345314,345314
116,"Rajasthan","TONK",120,317379,1102414,77.646108,1419793,8,8,51,338,306,69,9,7,1,5,4,5,5,4639.846,4818.302,20576.71,36744.13,177474.1,354948.3,283958.6
117,"Rajasthan","UDAIPUR",130,608130,2458627,80.170258,3066757,20,24,62,364,664,116,28,19,1,9,6,10,6,4618.61,5347.864,26437.56,33046.95,127781.5,500000,500000
118,"Uttar Pradesh","AGRA",146,2019482,2391549,54.217461,4411031,8,21,51,281,431,82,122,0,4,4,4,3,4,10234.41,11340.83,53793.06,74482.7,210049.1,500000,500000
119,"Uttar Pradesh","ALIGARH",143,1202429,2435935,66.951383,3638364,10,15,68,371,363,58,14,0,5,6,2,4,4,10023.04,10023.04,62730.41,100000,242557.6,500000,500000
120,"Uttar Pradesh","ALLAHABAD",175,1469134,4448631,75.174175,5917765,18,22,88,442,580,94,18,0,3,8,5,7,6,10203.04,10203.04,62954.95,62954.95,268989.3,500000,500000
121,"Uttar Pradesh","AMBEDKAR NAGAR",178,278564,2103393,88.305246,2381957,10,12,72,451,298,41,11,0,1,1,5,2,3,7993.145,7993.145,58096.51,71006.85,198496.4,476391.4,500000
122,"Uttar Pradesh","AURAIYA",162,234164,1144989,83.021173,1379153,3,8,58,267,191,28,9,0,1,2,0,1,0,7220.696,7220.696,49255.46,75777.64,172394.1,500000,500000
123,"Uttar Pradesh","AZAMGARH",191,392004,4204069,91.470893,4596073,24,27,79,385,492,62,31,1,1,4,2,7,3,9341.611,9753.742,74130.21,100000,170224.9,500000,500000
124,"Uttar Pradesh","BAGPAT",139,274141,1020823,78.830222,1294964,3,8,54,255,209,27,8,0,1,,2,,1,6196,6325.083,47961.63,50782.9,161870.5,500000,500000
125,"Uttar Pradesh","BAHRAICH",180,282100,3194234,91.88513,3476334,15,19,66,434,349,65,7,0,4,4,1,2,1,9960.843,10636.15,53482.06,84679.93,182965,500000,500000
126,"Uttar Pradesh","BALLIA",193,302111,2900813,90.56765,3202924,23,26,72,385,383,86,14,0,2,2,1,6,4,8362.726,8362.726,37243.3,100000,123189.4,500000,500000
127,"Uttar Pradesh","BALRAMPUR",182,165885,1975614,92.25379,2141499,11,9,93,434,215,29,7,0,2,0,2,2,2,9960.461,10343.55,73844.8,100000,237944.3,500000,500000
128,"Uttar Pradesh","BANDA",170,275287,1518982,84.657429,1794269,10,13,60,306,292,53,18,0,2,3,1,2,2,6144.757,7334.064,33854.13,96726.09,138020.7,500000,500000
129,"Uttar Pradesh","BARABANKI",176,325305,2872793,89.828173,3198098,19,17,71,451,423,72,24,0,4,3,10,7,7,7560.515,9576.652,44418.03,48280.46,188123.4,319809.8,456871.2
130,"Uttar Pradesh","BAREILLY",150,1528510,2831829,64.945157,4360339,8,18,78,437,424,25,7,0,2,2,4,4,2,10283.82,11890.67,100000,100000,242241.1,500000,500000
131,"Uttar Pradesh","BASTI",185,138031,2319162,94.382574,2457193,14,17,84,412,273,39,36,0,4,3,1,1,3,9000.707,9000.707,63004.95,68255.36,144540.8,500000,500000
132,"Uttar Pradesh","BIJNOR",134,915913,2725154,74.844929,3641067,9,21,62,339,377,73,11,0,6,3,1,2,1,9658.003,10324.07,49877.63,99755.26,173384.1,500000,500000
133,"Uttar Pradesh","BUDAUN",149,632538,2976115,82.471631,3608653,10,20,91,437,357,62,14,0,2,1,6,4,3,10108.27,10950.63,58204.08,87306.12,180432.7,500000,500000
134,"Uttar Pradesh","BULANDSHAHAR",142,856308,2616703,75.343931,3473011,7,22,67,255,379,75,14,7,4,,5,,2,9163.617,9818.161,46306.81,63145.66,157864.1,500000,500000
135,"Uttar Pradesh","CHANDAULI",196,241774,1705688,87.585175,1947462,11,14,81,346,250,30,5,0,3,2,9,4,5,7789.848,7939.653,64915.4,68733.95,139104.4,216384.7,389492.4
136,"Uttar Pradesh","CHITRAKOOT",171,96193,892750,90.27315,988943,7,6,69,306,141,31,4,0,1,1,0,2,2,7013.78,7013.78,31901.39,56713.58,164823.8,500000,494471.5
137,"Uttar Pradesh","DEORIA",190,316128,2776135,89.776807,3092263,19,26,75,354,331,14,8,0,2,3,5,5,7,9342.185,9748.366,100000,100000,118933.2,500000,441751.8
138,"Uttar Pradesh","ETAH",201,267240,1503266,84.90601,1770506,8,18,73,371,201,34,11,0,2,4,3,4,2,8808.487,9376.777,52073.71,100000,98361.45,500000,500000
139,"Uttar Pradesh","ETAWAH",161,365493,1213952,76.859403,1579445,5,11,55,267,187,40,25,0,4,2,3,2,2,8446.229,8879.37,39486.13,74036.48,143585.9,500000,500000
140,"Uttar Pradesh","FAIZABAD",177,331467,2113845,86.444797,2445312,12,14,98,451,303,41,6,0,4,3,3,5,3,8070.336,8506.571,59641.76,69582.05,174665.1,500000,500000
141,"Uttar Pradesh","FARRUKHABAD",159,415539,1466993,77.92659,1882532,4,11,79,267,201,41,9,0,5,3,2,3,2,9365.831,9365.831,45915.41,82647.75,171139.3,500000,500000
142,"Uttar Pradesh","FATEHPUR",172,321260,2302948,87.75783,2624208,17,17,56,442,340,51,18,0,4,5,4,4,3,7718.259,9433.428,51455.06,100000,154365.2,500000,500000
143,"Uttar Pradesh","FIROZABAD",147,819827,1657746,66.910077,2477573,5,13,62,281,220,20,4,0,3,4,4,2,3,11261.7,11694.84,100000,100000,190582.5,500000,500000
144,"Uttar Pradesh","GAUTAM BUDDHA NAGAR",141,954709,652768,40.608233,1607477,3,9,56,255,128,32,6,0,1,3,5,3,4,12558.41,13219.38,50233.66,53373.26,178608.6,321495.4,401869.3
145,"Uttar Pradesh","GHAZIABAD",140,3091311,1499592,32.664424,4590903,7,14,52,255,152,57,8,0,3,5,6,4,3,15000,15000,80542.16,90017.7,327921.7,500000,500000
146,"Uttar Pradesh","GHAZIPUR",195,273237,3291759,92.335559,3564996,17,20,82,346,432,13,8,0,2,4,5,4,4,8252.306,8458.613,100000,100000,178249.8,500000,500000
147,"Uttar Pradesh","GONDA",183,223439,3199126,93.471592,3422565,17,19,72,434,328,68,18,0,2,3,2,2,1,10434.65,10702.2,50331.84,100000,180135,500000,500000
148,"Uttar Pradesh","GORAKHPUR",188,829971,3577450,81.168783,4407421,19,25,61,354,529,95,10,0,2,7,10,7,5,8331.608,8331.608,46393.91,67271.16,176296.8,440742.1,500000
149,"Uttar Pradesh","HAMIRPUR",168,209544,892707,80.989448,1102251,9,10,48,306,196,40,5,0,2,6,2,6,2,5623.729,5771.723,27556.28,77157.57,110225.1,500000,500000
150,"Uttar Pradesh","HARDOI",155,539822,3523836,86.71586,4063658,6,17,80,330,437,78,9,0,2,3,2,5,4,9298.988,9298.988,52098.18,69464.24,239038.7,500000,500000
151,"Uttar Pradesh","JALAUN",165,418121,1269740,75.227759,1687861,11,14,65,241,290,43,10,0,2,2,1,3,3,5820.21,6365.855,39252.58,65420.97,120561.5,500000,500000
152,"Uttar Pradesh","JAUNPUR",194,345169,4098289,92.231973,4443458,22,24,78,346,508,13,11,1,2,8,5,5,8,8746.965,9518.756,100000,100000,185144.1,500000,500000
153,"Uttar Pradesh","JHANSI",166,828268,1162092,58.386021,1990360,9,10,42,241,340,70,10,0,7,2,4,1,3,5854,6556.48,28433.71,33603.48,199036,497590,500000
154,"Uttar Pradesh","JYOTIBA PHULE NAGAR",137,456887,1377520,75.093477,1834407,6,7,66,339,176,33,11,0,1,3,1,4,2,10422.77,10422.77,55588.09,76433.63,262058.1,500000,500000
155,"Uttar Pradesh","KANNAUJ",160,279812,1374667,83.087606,1654479,6,11,78,267,195,43,21,0,1,3,2,2,2,8484.508,8593.283,38476.25,80450.35,150407.2,500000,500000
156,"Uttar Pradesh","KANPUR DEHAT",163,173160,1619850,90.342497,1793010,14,17,65,267,225,31,7,0,2,7,4,4,2,7968.933,7968.933,57839.03,57839.03,105471.2,448252.5,500000
157,"Uttar Pradesh","KANPUR NAGAR",164,3007331,1564429,34.219403,4571760,11,13,36,267,390,85,11,0,4,6,8,3,6,11722.46,12088.79,53785.41,56474.68,351673.8,500000,500000
158,"Uttar Pradesh","KAUSHAMBI",174,124002,1457054,92.157014,1581056,10,10,83,442,174,7,5,0,1,2,4,2,6,9086.528,9637.228,100000,100000,158105.6,395264,263509.3
159,"Uttar Pradesh","LAKHIMPUR KHERI",153,457637,3532403,88.530516,3990040,18,16,79,330,387,82,15,0,2,6,3,6,2,10310.18,12519.5,48659.02,68122.63,249377.5,500000,500000
160,"Uttar Pradesh","KUSHINAGAR",189,163352,3346640,95.346086,3509992,15,17,83,354,383,59,10,0,1,4,6,5,7,9164.47,10691.88,59491.39,84987.7,206470.1,500000,500000
161,"Uttar Pradesh","LALITPUR",167,175069,1043228,85.630023,1218297,7,8,73,241,198,27,5,0,4,2,5,2,2,6153.015,6153.015,45122.11,49224.12,152287.1,243659.4,500000
162,"Uttar Pradesh","LUCKNOW",157,2989733,1535500,33.931954,4525233,10,10,45,330,398,84,201,0,18,9,9,7,5,11369.93,13437.19,53871.82,53871.82,452523.3,500000,500000
163,"Uttar Pradesh","HATHRAS",144,330173,1230204,78.840178,1560377,3,9,57,371,195,28,9,0,3,3,4,1,3,8001.933,8001.933,55727.75,87572.18,173375.2,390094.3,500000
164,"Uttar Pradesh","MAHARAJGANJ",187,134180,2526000,94.95598,2660180,13,17,87,354,291,46,18,0,1,3,6,3,1,9141.512,10855.55,57830,57830,156481.2,443363.3,500000
165,"Uttar Pradesh","MAHOBA",169,183085,682769,78.85498,865854,7,7,48,306,154,18,5,0,2,2,2,3,3,5622.429,6827.235,48103,54115.88,123693.4,432927,288618
166,"Uttar Pradesh","MAINPURI",148,286973,1574646,84.584762,1861619,5,12,54,281,201,47,6,0,4,4,2,1,0,9261.786,9261.786,39608.91,58093.07,155134.9,500000,500000
167,"Uttar Pradesh","MATHURA",145,736459,1727819,70.114614,2464278,9,14,46,281,236,38,9,0,3,4,4,5,3,10441.86,11312.01,64849.42,81061.77,176019.9,500000,500000
168,"Uttar Pradesh","MAUNATHBHANJAN",192,497912,1695429,77.298924,2193341,10,12,76,385,228,53,9,0,3,3,3,3,3,9619.917,9619.917,41383.79,57937.31,182778.4,500000,500000
169,"Uttar Pradesh","MEERUT",138,1739678,1657741,48.794129,3397419,5,13,56,255,323,68,13,0,3,4,4,3,2,10518.33,10907.89,49962.04,54125.55,261339.9,500000,500000
170,"Uttar Pradesh","MIRZAPUR",199,345099,2144379,86.137696,2489478,17,17,83,308,269,48,19,0,3,6,3,4,2,9254.565,9254.565,51864.13,59273.29,146439.9,500000,500000
171,"Uttar Pradesh","MORADABAD",135,1544474,3137856,67.014841,4682330,6,15,65,339,276,31,4,0,2,4,3,2,3,15000,15000,100000,100000,312155.3,500000,500000
172,"Uttar Pradesh","MUZAFFARNAGAR",133,1187067,2940594,71.24117,4127661,8,19,54,337,395,72,18,0,2,6,2,5,2,10449.77,10449.77,57328.63,73253.24,217245.3,500000,500000
173,"Uttar Pradesh","PILIBHIT",151,349788,1676637,82.738665,2026425,7,10,74,437,200,33,7,0,4,2,3,3,2,10132.13,10521.82,61406.82,61406.82,202642.5,500000,500000
174,"Uttar Pradesh","PRATAPGARH",173,174396,3023997,94.547387,3198393,21,33,88,442,392,7,22,0,1,2,3,9,5,8159.166,8159.166,100000,100000,96921,500000,500000
175,"Uttar Pradesh","RAE BARELI",158,307396,3091777,90.956742,3399173,20,20,55,330,362,67,18,0,2,12,4,6,7,9389.98,9608.353,50733.93,57498.45,169958.7,500000,485596.2
176,"Uttar Pradesh","RAMPUR",136,586989,1739211,74.766185,2326200,7,10,64,339,211,36,6,0,2,4,2,2,2,11024.64,12091.55,64616.67,68417.65,232620,500000,500000
177,"Uttar Pradesh","SAHARANPUR",132,1055849,2376438,69.237741,3432287,8,16,78,337,388,60,14,0,2,5,7,2,4,8846.101,9122.541,57204.79,67605.66,214517.9,490326.7,500000
178,"Uttar Pradesh","SANT KABIR NAGAR",186,128093,1583172,92.514719,1711265,8,10,65,412,217,23,5,0,1,2,2,2,2,7886.014,10009.17,74402.83,85031.8,171126.5,500000,500000
179,"Uttar Pradesh","SANT RAVIDAS NAGAR",198,228444,1345513,85.486008,1573957,6,7,80,308,175,20,77,1,3,3,2,4,2,8994.04,10234.6,78697.85,98372.31,224851,500000,500000
180,"Uttar Pradesh","SHAHJAHANPUR",152,590693,2391524,80.192823,2982217,6,16,87,437,293,57,7,0,2,6,3,2,2,10178.21,10178.21,52319.6,52319.6,186388.6,500000,500000
181,"Uttar Pradesh","SHRAWASTI",181,38522,1073998,96.537411,1112520,8,6,103,434,125,12,6,0,1,2,,3,,8900.16,8900.16,92710,100000,185420,500000,500000
182,"Uttar Pradesh","SIDDHARTH NAGAR",184,160594,2393781,93.712983,2554375,14,15,91,412,269,9,7,0,1,4,2,2,3,9495.817,9495.817,100000,100000,170291.7,500000,500000
183,"Uttar Pradesh","SITAPUR",154,527920,3923768,88.141128,4451688,20,16,82,330,486,76,22,0,2,6,6,9,1,9159.852,9159.852,58574.84,62479.83,278230.5,500000,500000
184,"Uttar Pradesh","SONBHADRA",200,313855,1546863,83.132586,1860718,9,10,62,308,211,29,6,1,2,3,2,3,2,8818.568,10141.35,64162.69,100000,186071.8,500000,500000
185,"Uttar Pradesh","SULTANPUR",179,199551,3585710,94.72821,3785261,23,23,48,451,270,49,14,0,2,5,8,4,4,14019.49,14019.49,77250.23,100000,164576.6,473157.6,500000
186,"Uttar Pradesh","UNNAV",156,522108,2531911,82.904232,3054019,17,18,59,330,381,62,9,0,2,5,5,4,3,8015.798,9492.393,49258.37,49258.37,169667.7,500000,500000
187,"Uttar Pradesh","VARANASI",197,1581966,2066110,56.635607,3648076,13,21,78,346,324,52,7,0,4,5,7,4,8,11259.49,11590.66,70155.3,70155.3,173717.9,500000,456009.5
188,"Bihar","ARARIA",209,168677,2640369,93.995221,2809046,4,5,61,377,217,42,2,1,3,2,0,2,2,12944.91,15000,66882.05,66882.05,500000,500000,500000
189,"Bihar","AURANGABAD",235,236359,2296129,90.666925,2532488,4,4,48,331,243,71,3,1,3,1,2,1,3,10421.76,13486.99,35668.84,37898.15,500000,500000,500000
190,"Bihar","BANKA",225,71260,1960918,96.493417,2032178,4,4,48,321,250,42,3,0,3,1,2,1,2,8128.712,9591.88,48385.19,54836.55,500000,500000,500000
191,"Bihar","BEGUSARAI",222,569250,2397308,80.811095,2966558,3,3,46,295,292,39,2,4,3,3,3,0,3,10159.45,10807.92,76065.59,79687.76,500000,500000,500000
192,"Bihar","BHAGALPUR",224,601147,2424046,80.12864,3025193,3,6,54,321,303,63,3,1,4,1,2,1,2,9984.136,12480.17,48018.94,59317.51,500000,500000,500000
193,"Bihar","BHOJPUR",231,389000,2333848,85.713488,2722848,2,5,48,258,301,41,3,2,3,2,2,1,3,9046.007,12389.1,66410.93,66410.93,500000,500000,500000
194,"Bihar","BUXAR",232,164211,1539913,90.363905,1704124,1,2,55,258,150,38,0,1,3,,,,,11360.83,14642.84,44845.37,58643.94,500000,500000,500000
195,"Bihar","DARBHANGA",215,382919,3547710,90.258073,3930629,3,4,51,288,264,67,2,2,3,3,1,1,2,14888.75,15000,58666.11,58666.11,500000,500000,500000
196,"Bihar","GAYA",236,559589,3724400,86.937665,4283989,2,4,55,331,472,81,2,2,6,1,,2,,9076.248,10632.18,52888.75,52888.75,500000,500000,500000
197,"Bihar","GOPALGANJ",217,162565,2397106,93.648988,2559671,3,5,51,306,189,37,3,2,3,1,2,2,2,13543.23,15000,69180.3,69180.3,500000,500000,500000
198,"Bihar","JAMUI",238,145168,1609819,91.728258,1754987,4,4,57,295,219,40,4,0,3,,4,,4,8013.639,11219.09,43874.68,65812.02,438746.8,438746.8,438746.8
199,"Bihar","JEHANABAD",239,135000,988932,87.988597,1123932,3,4,53,331,110,41,1,0,3,3,2,2,3,10217.56,14100.24,27412.98,28392.01,280983,500000,374644
200,"Bihar","KAIMUR BHABUA",233,65521,1554002,95.954303,1619523,2,4,56,258,199,30,2,1,3,2,1,0,3,8138.307,14242.04,53984.1,61696.11,404880.8,500000,500000
201,"Bihar","KATIHAR",212,273421,2794667,91.088228,3068088,4,5,59,377,328,61,1,2,4,1,2,2,3,9353.927,13362.75,50296.52,50296.52,500000,500000,500000
202,"Bihar","KHAGARIA",223,87078,1578894,94.773141,1665972,2,2,66,295,188,32,1,0,3,1,0,1,1,8861.553,9828.269,52061.63,52061.63,500000,500000,500000
203,"Bihar","KISHANGANJ",210,160971,1528205,90.470442,1689176,2,2,61,377,155,17,1,0,4,1,2,2,1,10897.91,15000,99363.3,99363.3,500000,500000,500000
204,"Bihar","LAKHISARAI",227,142908,857229,85.711158,1000137,2,2,53,295,102,21,1,0,3,1,0,2,2,9805.265,12840.23,47625.57,47625.57,500000,500000,500000
205,"Bihar","MADHEPURA",213,88406,1909982,95.576134,1998388,1,1,71,286,273,36,0,0,3,,,,,7320.103,10862.09,55510.78,70930.44,500000,500000,500000
206,"Bihar","MADHUBANI",207,161416,4320362,96.398394,4481778,3,4,54,288,443,97,1,4,3,3,1,3,3,10116.88,15000,46203.9,49504.18,500000,500000,500000
207,"Bihar","MUNGER",226,379145,986034,72.227451,1365179,2,2,51,295,154,28,0,1,3,2,,1,,8864.799,10964.36,48756.39,57621.19,500000,500000,500000
208,"Bihar","MUZAFFARPUR",216,472633,4320399,90.139165,4793032,3,2,60,319,497,99,1,0,4,2,2,2,1,9643.928,11415.26,48414.46,56958.2,500000,500000,500000
209,"Bihar","NALANDA",229,457292,2417162,84.09117,2874454,4,5,52,258,375,65,3,2,3,2,4,1,1,7665.21,8431.731,44222.37,45923.23,500000,500000,500000
210,"Bihar","NAWADA",237,215264,1999950,90.282474,2215214,3,3,49,331,174,54,1,0,3,1,1,3,2,12731.12,15000,41022.48,41022.48,500000,500000,500000
211,"Bihar","WEST CHAMPARAN",203,392780,3537423,90.006114,3930203,3,4,57,319,557,60,0,1,3,1,2,2,1,7056.02,14112.04,65503.38,65503.38,500000,500000,500000
212,"Bihar","PATNA",230,2507991,3316865,56.943296,5824856,2,8,39,258,384,79,4,4,12,,7,,3,15000,15000,73732.35,73732.35,500000,500000,500000
213,"Bihar","EAST CHAMPARAN",204,400774,4685997,92.121249,5086771,,,57,319,372,98,3,0,3,,,,,13674.12,15000,51905.83,100000,500000,500000,500000
214,"Bihar","PURNIA",211,336590,2888170,89.562324,3224760,3,5,62,377,482,52,3,0,3,3,1,2,3,6690.374,9557.677,62014.62,62014.62,500000,500000,500000
215,"Bihar","ROHTAS",234,427269,2528840,85.546237,2956109,2,4,52,258,229,51,2,2,4,1,1,2,2,12908.77,15000,57962.92,57962.92,500000,500000,500000
216,"Bihar","SAHARSA",214,156426,1742999,91.76456,1899425,1,1,62,286,154,43,0,0,3,,,,,12333.93,15000,44172.68,54366.37,500000,500000,500000
217,"Bihar","SAMASTIPUR",221,147053,4102028,96.539181,4249081,5,5,54,288,359,71,1,3,3,4,4,5,4,11835.88,12244.01,59846.21,62448.22,500000,500000,500000
218,"Bihar","SARAN",219,352675,3595857,91.0682,3948532,4,5,52,306,410,60,4,1,3,2,2,1,2,9630.565,14315.71,65808.87,65808.87,500000,500000,500000
219,"Bihar","SHEIKHPURA",228,108900,526518,82.861675,635418,2,2,58,295,87,29,1,0,3,2,1,2,2,7303.655,8264.662,21910.96,21910.96,317709,500000,317709
220,"Bihar","SHEOHAR",205,28092,626456,95.708183,654548,1,1,50,319,98,14,0,0,3,,,,,6679.061,13775.56,46753.43,46753.43,500000,500000,500000
221,"Bihar","SITAMARHI",206,187712,3207645,94.471509,3395357,2,2,67,319,210,57,1,0,3,1,1,1,1,15000,15000,59567.67,59567.67,500000,500000,500000
222,"Bihar","SIWAN",218,182337,3145007,94.520044,3327344,3,5,49,306,380,63,3,1,3,1,2,3,3,8756.168,15000,52814.98,55329.98,500000,500000,500000
223,"Bihar","SUPAUL",208,105483,2120585,95.261466,2226068,2,3,64,286,187,36,2,0,3,,2,,3,11904.11,15000,61835.22,61835.22,500000,500000,500000
224,"Bihar","VAISHALI",220,228581,3193284,93.319988,3421865,2,5,50,319,339,51,3,2,3,1,4,2,4,10094,11258.69,67095.39,67095.39,500000,500000,500000
225,"Sikkim","EAST",244,122375,160955,56.808315,283330,1,1,,,65,8,1,1,2,,,,,4358.923,4649.518,35416.25,49582.75,283330,500000,500000
226,"Sikkim","NORTH",241,4638,39022,89.377004,43660,1,1,,,27,5,0,0,1,,,,,1617.037,1718.102,8732,14553.33,43660,500000,500000
227,"Sikkim","SOUTH",243,21137,125145,85.550512,146282,1,2,,,54,8,1,0,1,,2,,2,2708.926,3555.465,18285.25,30475.42,73141,73141,73141
228,"Sikkim","WEST",242,5239,130890,96.151445,136129,1,1,,,50,7,0,0,1,,,,,2722.58,2994.838,19447,22688.17,136129,500000,500000
229,"Arunachal Pradesh","CHANGLANG",253,19211,128851,87.02503,148062,4,5,,,40,6,4,0,1,2,0,0,0,3701.55,4935.4,24677,41128.33,29612.4,500000,500000
230,"Arunachal Pradesh","DIBANG VALLEY",257,2381,5606,70.189057,7987,1,1,,,4,1,0,0,1,,,,,1996.75,5990.25,7987,100000,7987,500000,500000
231,"Arunachal Pradesh","EAST KAMENG",247,18343,60291,76.67294,78634,2,4,,,31,11,3,0,1,1,0,0,0,2536.581,2853.653,7148.545,10007.96,19658.5,500000,500000
232,"Arunachal Pradesh","EAST SIANG",251,27635,71494,72.122184,99129,6,6,,,41,15,6,0,2,3,2,2,2,2417.781,3626.671,6608.6,8496.771,16521.5,49564.5,49564.5
233,"Arunachal Pradesh","KURUNG KUMEY",256,2342,89586,97.452354,91928,4,4,,,43,9,4,0,0,0,,1,,2137.86,7482.512,10214.22,10214.22,22982,500000,500000
234,"Arunachal Pradesh","LOHIT",259,32390,113188,77.750759,145578,3,4,,,27,7,3,0,1,1,0,1,0,5391.778,8626.845,20796.86,20796.86,36394.5,500000,500000
235,"Arunachal Pradesh","LOWER DIBANG VALLEY",258,11386,42660,78.932761,54046,3,4,,,15,5,4,0,1,2,1,0,0,3603.067,4203.578,10809.2,43236.8,13511.5,54046,500000
236,"Arunachal Pradesh","LOWER SUBANSIRI",255,12800,70175,84.573667,82975,2,3,,,40,9,2,0,1,0,1,1,1,2074.375,2420.104,9219.444,12292.59,27658.33,82975,82975
237,"Arunachal Pradesh","PAPUM PARE",248,96845,79415,45.0556,176260,5,5,,,45,9,6,0,2,1,1,1,1,3916.889,3916.889,19584.45,39168.89,35252,176260,176260
238,"Arunachal Pradesh","TAWANG",245,11190,38767,77.600737,49957,1,2,,,14,5,1,0,1,,0,,0,3568.357,14273.43,9991.4,49957,24978.5,500000,500000
239,"Arunachal Pradesh","TIRAP",254,20773,91104,81.432287,111877,4,4,,,33,9,4,0,1,0,0,0,0,3390.212,3874.528,12430.78,20717.96,27969.25,500000,500000
240,"Arunachal Pradesh","UPPER SIANG",252,6530,28722,81.476228,35252,4,5,,,16,2,4,0,1,4,1,1,0,2203.25,2754.063,17626,35252,7050.4,35252,500000
241,"Arunachal Pradesh","UPPER SUBANSIRI",249,13383,69956,83.941492,83339,2,6,,,37,11,5,0,1,2,1,1,1,2252.406,2252.406,7576.273,17677.97,13889.83,83339,83339
242,"Arunachal Pradesh","WEST KAMENG",246,15908,67973,81.035038,83881,4,5,,,31,7,7,0,1,2,1,2,0,2705.839,13529.19,11983,23966,16776.2,83881,500000
243,"Arunachal Pradesh","WEST SIANG",250,24958,87231,77.753612,112189,6,7,,,29,15,6,0,2,2,2,3,1,3868.586,15000,7479.267,14958.53,16027,56094.5,112189
244,"Nagaland","DIMAPUR",265,197818,180793,47.75165,378611,,3,,,58,14,9,0,1,,1,,1,6527.776,7253.084,27043.64,27043.64,126203.7,378611,378611
245,"Nagaland","KOHIMA",270,121040,146703,54.792469,267743,,4,,,61,16,3,0,4,,1,,1,4389.229,5016.262,16733.94,16733.94,66935.75,267743,267743
246,"Nagaland","MOKOKCHUNG",262,55706,138753,71.353344,194459,,4,,,71,19,3,0,1,,2,,1,2738.859,2738.859,10234.68,11258.15,48614.75,97229.5,194459
247,"Nagaland","MON",261,34417,215393,86.222729,249810,,3,,,67,16,2,0,1,,1,,1,3728.508,3728.508,15613.13,15613.13,83270,249810,249810
248,"Nagaland","PHEK",266,24565,138760,84.959437,163325,,4,,,70,23,3,0,1,,1,,0,2333.214,2333.214,7101.087,7746.64,40831.25,163325,500000
249,"Nagaland","TUENSANG",267,36762,159783,81.295886,196545,,3,,,54,16,2,0,1,,1,,1,3639.722,3639.722,12284.06,30710.16,65515,196545,196545
250,"Nagaland","WOKHA",264,34991,131281,78.955567,166272,,3,,,50,13,2,0,1,,1,,0,3325.44,3325.44,12790.15,25580.31,55424,166272,500000
251,"Nagaland","ZUNHEBOTO",263,27589,113117,80.39245,140706,,3,,,63,15,3,0,1,,0,,2,2233.428,2233.428,9380.4,12060.51,46902,500000,70353
252,"Manipur","BISHNUPUR",275,87351,149591,63.134016,236942,4,3,,,45,8,2,0,1,2,2,1,0,5265.378,5265.378,29617.75,29617.75,78980.66,118471,500000
253,"Manipur","CHANDEL",280,16845,127063,88.294605,143908,2,2,,,32,6,1,2,1,1,,0,,4497.125,4497.125,23984.67,29980.83,71954,500000,500000
254,"Manipur","CHURACHANDPUR",274,18324,255182,93.30033,273506,2,2,,,79,9,5,0,1,1,1,0,1,3462.101,3644.317,30389.55,30389.55,136753,273506,273506
255,"Manipur","IMPHAL EAST",278,182920,272054,59.795505,454974,3,2,,,84,13,3,0,1,,,,,5416.357,5416.357,34998,34998,227487,500000,500000
256,"Manipur","IMPHAL WEST",277,321744,194736,37.704461,516480,2,2,,,68,8,12,0,1,,,,,7595.294,8101.647,64560,64560,258240,500000,500000
257,"Manipur","SENAPATI",272,7464,470499,98.438373,477963,3,3,,,83,14,3,0,1,2,0,1,0,5758.59,6169.918,34140.21,42675.27,159321,500000,500000
258,"Manipur","TAMENGLONG",273,19322,121165,86.246414,140487,2,2,,,37,6,1,0,1,1,0,0,0,3796.946,4007.887,23414.5,23414.5,70243.5,500000,500000
259,"Manipur","THOUBAL",276,151184,270047,64.109004,421231,6,6,,,69,14,5,0,1,2,1,1,1,6104.797,6104.797,30087.93,30087.93,70205.16,421231,421231
260,"Manipur","UKHRUL",279,26875,155651,85.27607,182526,2,2,,,48,8,3,0,1,0,0,0,0,3802.625,4040.289,22815.75,22815.75,91263,500000,500000
261,"Mizoram","AIZAWL EAST",283,314577,85501,21.371083,400078,3,4,,,91,10,1,7,0,1,3,0,2,4396.461,4946.019,40007.8,40007.8,100019.5,133359.3,200039
262,"Mizoram","CHAMPHAI",284,48512,77145,61.393317,125657,3,3,,,74,11,2,1,1,1,1,0,2,1698.068,1966.183,11423.36,11423.36,41885.67,125657,62828.5
263,"Mizoram","KOLASIB",282,46844,37046,44.16021,83890,2,2,,,34,6,1,1,1,1,0,1,0,2467.353,2631.843,13981.67,13981.67,41945,500000,500000
264,"Mizoram","LAWNGTLAI",287,20813,97044,82.340463,117857,2,2,,,42,6,1,2,1,0,0,0,0,2806.119,3453.685,19642.83,39285.67,58928.5,500000,500000
265,"Mizoram","LUNGLEI",286,68719,92645,57.413673,161364,2,3,,,91,12,1,1,3,0,1,0,1,1773.231,1871.744,13447,13447,53788,161364,161364
266,"Mizoram","MAMIT",281,14891,71423,82.747874,86314,3,3,,,39,12,1,0,1,0,1,1,0,2213.179,2994.302,7192.833,7192.833,28771.33,86314,500000
267,"Mizoram","SAIHA",288,25106,31441,55.601535,56547,1,1,,,42,4,0,1,1,,,,,1346.357,1346.357,14136.75,21205.13,56547,500000,500000
268,"Mizoram","SERCHHIP",285,31956,32910,50.735362,64866,2,3,,,32,5,1,0,1,1,2,0,0,2027.063,2139.677,12973.2,12973.2,21622,32433,500000
269,"Tripura","DHALAI",291,40490,337613,89.291278,378103,4,4,,,132,16,1,3,1,2,3,2,1,2864.417,5907.859,23631.44,23631.44,94525.75,126034.3,378103
270,"Tripura","NORTH TRIPURA",292,120237,573523,82.66879,693760,4,5,,,93,16,1,1,1,2,2,2,2,7459.785,12122.15,43360,43360,138752,346880,346880
271,"Tripura","SOUTH TRIPURA",290,122957,752701,85.958331,875658,8,8,,,156,20,4,2,0,4,3,1,1,5613.192,8584.883,43782.9,43782.9,109457.3,291886,500000
272,"Tripura","WEST TRIPURA",289,677188,1047592,60.737717,1724780,11,10,,,175,14,2,0,4,5,4,2,2,9855.886,15000,100000,100000,172478,431195,500000
273,"Meghalaya","EAST GARO HILLS",294,43707,273385,86.216303,317092,3,1,,,99,17,2,0,1,,,,,3202.949,3380.891,18652.47,26113.46,317092,500000,500000
274,"Meghalaya","EAST KHASI HILLS",298,366207,458758,55.609389,824965,5,2,,,118,31,6,0,10,0,1,1,1,6991.229,6991.229,26611.77,35482.37,412482.5,500000,500000
275,"Meghalaya","WEST JAINTIA HILLS",299,28412,365981,92.796018,394393,6,5,,,105,19,6,0,2,2,2,1,4,3756.124,3756.124,20757.53,22054.87,78878.6,197196.5,98598.25
276,"Meghalaya","RI BHOI",297,25246,233407,90.239433,258653,4,1,,,41,10,3,0,1,2,,2,,6308.61,6308.61,25865.3,29560.34,258653,500000,500000
277,"Meghalaya","SOUTH GARO HILLS",295,13115,129067,90.775907,142182,1,4,,,30,7,2,0,1,,2,,4,4739.4,4739.4,20311.71,20311.71,35545.5,71091,35545.5
278,"Meghalaya","WEST GARO HILLS",293,74735,567097,88.355987,641832,7,4,,,118,18,7,0,4,1,,2,,5439.254,5439.254,35657.33,35657.33,160458,500000,500000
279,"Meghalaya","WEST KHASI HILLS",296,43025,338963,88.736557,381988,4,2,,,91,17,7,0,2,,,,,4197.67,4197.67,22469.88,22469.88,190994,500000,500000
280,"Assam","BARPETA",303,147296,1545417,91.29823,1692713,7,15,48,366,295,55,11,1,3,2,5,2,3,5738.01,5738.01,30776.6,34623.68,112847.5,338542.6,500000
281,"Assam","BONGAIGAON",319,109721,628863,85.144411,738584,3,11,53,366,102,35,3,5,1,,2,,2,7241.02,7391.874,21102.4,25972.19,67144,369292,369292
282,"Assam","CACHAR",316,315358,1420307,81.83071,1735665,1,10,57,342,291,62,7,0,2,,2,,2,5964.484,6639.709,27994.6,29994.21,173566.5,500000,500000
283,"Assam","DARRANG",325,55482,872581,94.021742,928063,4,12,69,366,176,40,7,0,1,3,5,1,3,5273.085,6203.63,23201.57,25779.53,77338.59,185612.6,309354.3
284,"Assam","DHEMAJI",308,48269,637633,92.962697,685902,4,7,44,367,113,30,6,0,2,3,1,3,1,6069.929,7490.551,22863.4,24768.68,97986,500000,500000
285,"Assam","DHUBRI",301,203568,1744144,89.548352,1947712,4,13,72,366,271,52,7,1,1,3,2,1,1,7187.129,8167.192,37456,43218.46,149824,500000,500000
286,"Assam","DIBRUGARH",310,243600,1082185,81.62598,1325785,6,10,55,430,348,50,6,0,1,2,,1,,3809.727,3809.727,26515.7,28283.41,132578.5,500000,500000
287,"Assam","GOALPARA",302,138006,869761,86.305763,1007767,3,7,56,366,152,46,7,0,1,3,2,2,2,6630.046,7387.766,21907.98,23899.61,143966.7,500000,500000
288,"Assam","GOLAGHAT",313,97695,968787,90.839508,1066482,6,8,62,430,196,64,8,1,1,1,3,1,1,5441.235,5441.235,16663.78,18837.32,133310.3,355494,500000
289,"Assam","HAILAKANDI",318,48093,610912,92.70218,659005,2,5,55,342,121,17,3,0,1,1,1,1,1,5446.322,7261.763,38765,38765,131801,500000,500000
290,"Assam","JORHAT",312,220421,871099,79.80605,1091520,7,11,57,430,187,75,9,3,1,3,5,3,2,5837.005,6333.772,14553.6,15160,99229.09,218304,500000
291,"Assam","KAMRUP R",321,142353,1374394,90.614585,1516747,2,26,46,366,325,71,12,0,1,2,13,1,4,4666.914,4825.114,21362.63,24249.48,58336.42,116672.8,379186.8
292,"Assam","KARBI ANGLONG",314,112887,842608,88.185495,955495,5,12,59,342,175,47,5,1,1,1,1,1,1,5459.971,5812.228,20329.68,20329.68,79624.59,500000,500000
293,"Assam","KARIMGANJ",317,109672,1118536,91.070568,1228208,2,7,69,342,232,39,9,0,1,1,1,1,1,5294,5558.7,31492.51,37791.02,175458.3,500000,500000
294,"Assam","KOKRAJHAR",300,54637,831705,93.835675,886342,4,6,76,366,187,49,4,2,1,2,2,1,1,4739.797,4739.797,18088.61,24118.15,147723.7,443171,500000
295,"Assam","LAKHIMPUR",307,91307,950565,91.236256,1041872,4,8,56,367,194,50,15,1,1,1,1,1,2,5370.474,5370.474,20837.44,22573.89,130234,500000,500000
296,"Assam","MARIGAON",304,73191,883041,92.345895,956232,3,6,72,367,153,40,5,0,1,1,1,1,1,6249.882,6504.979,23905.8,23905.8,159372,500000,500000
297,"Assam","NAGAON",305,369394,2453029,86.912167,2822423,8,20,66,367,443,85,20,0,1,4,7,2,3,6371.158,6543.352,33204.98,35280.29,141121.2,403203.3,500000
298,"Assam","NALBARI",323,82707,688483,89.275406,771190,5,16,64,366,163,47,11,0,1,3,6,1,1,4731.227,5322.63,16408.3,17670.47,48199.38,128531.7,500000
299,"","",,62472,151520,70.806385,213992,3,6,58,342,,,,,,2,1,1,1,15000,15000,100000,100000,35665.33,213992,213992
300,"Assam","SIBSAGAR",311,110072,1040641,90.434452,1150713,4,13,58,430,268,94,9,2,1,4,5,3,2,4293.705,4293.705,12241.63,12241.63,88516.38,230142.6,500000
301,"Assam","SONITPUR",306,173792,1749086,90.961881,1922878,6,11,68,367,382,124,20,2,2,4,3,3,3,5033.712,5033.712,15507.08,16476.27,174807.1,500000,500000
302,"Assam","TINSUKIA",309,264641,1062768,80.063341,1327409,4,10,55,430,262,36,15,0,1,3,5,1,3,5066.447,6105.718,36872.47,36872.47,132740.9,265481.8,442469.7
303,"West Bengal","NORTH 24 PARGANAS",337,5721115,4273900,42.760316,9995015,23,34,,,742,51,25,11,2,4,16,1,10,13470.37,13470.37,100000,100000,293971,500000,500000
304,"West Bengal","SOUTH 24 PARGANAS",343,2083912,6067063,74.433586,8150975,31,39,,,1080,64,39,7,2,3,19,1,6,7547.199,7547.199,100000,100000,208999.4,428998.7,500000
305,"West Bengal","BANKURA",339,299466,3295467,91.669775,3594933,23,25,,,564,70,29,1,2,2,4,2,3,6373.995,6373.995,51356.19,74699.91,143797.3,500000,500000
306,"West Bengal","BARDHAMAN",335,3073578,4634298,60.12419,7707876,30,40,,,765,108,51,3,2,1,8,1,7,10075.66,10390.52,71369.22,100000,192696.9,500000,500000
307,"West Bengal","BIRBHUM",334,449104,3051073,87.169106,3500177,20,22,,,484,59,22,1,2,5,5,1,3,7231.771,7231.771,59325.04,81571.92,159099,500000,500000
308,"West Bengal","KOCH BIHAR",329,289130,2527597,89.735249,2816727,13,17,,,406,36,30,4,1,2,5,1,4,6937.751,6937.751,78242.41,89419.91,165689.8,500000,500000
309,"West Bengal","DARJEELING",327,726665,1117823,60.60343,1844488,13,16,,,263,23,20,2,3,5,6,3,3,7013.262,7232.427,80195.13,100000,115280.5,307414.7,500000
310,"West Bengal","DAKSHIN DINAJPUR",331,235954,1438734,85.91057,1674688,8,10,,,248,18,10,1,1,1,2,1,2,6752.774,6752.774,93038.22,93038.22,167468.8,500000,500000
311,"West Bengal","UTTAR DINAJPUR",330,362139,2643908,87.952983,3006047,10,11,,,344,19,11,2,1,3,2,1,2,8738.509,8738.509,100000,100000,273277,500000,500000
312,"West Bengal","HOOGHLY",338,2126617,3388899,61.443009,5515516,18,23,,,672,65,20,4,1,4,9,1,4,8207.613,8207.613,84854.09,98252.11,239805,500000,500000
313,"West Bengal","HAORA",341,3069233,1774339,36.632861,4843572,16,17,,,448,47,27,10,6,5,8,1,3,10811.54,10811.54,100000,100000,284916,500000,500000
314,"West Bengal","JALPAIGURI",328,1059493,2811130,72.627326,3870623,14,17,,,537,39,21,3,1,3,4,2,2,7207.864,7207.864,99246.74,99246.74,227683.7,500000,500000
315,"West Bengal","KOLKATA",342,4473472,0,0,4473472,,,,,0,0,0,0,1,,,,,15000,15000,100000,100000,500000,500000,500000
316,"West Bengal","MALDA",332,540998,3445411,86.428939,3986409,17,17,,,511,42,19,1,1,3,3,1,2,7801.192,7801.192,94914.5,94914.5,234494.6,500000,500000
317,"West Bengal","MEDINIPUR EAST",345,592190,4500755,88.372346,5092945,25,30,,,706,52,26,8,2,3,10,1,5,7213.803,7213.803,97941.25,100000,169764.8,500000,500000
318,"West Bengal","MEDINIPUR WEST",344,715421,5182979,87.870931,5898400,30,33,,,858,84,30,3,2,6,9,1,4,6874.592,6874.592,70219.05,83385.12,178739.4,500000,500000
319,"West Bengal","MURSHIDABAD",333,1400060,5699511,80.279654,7099571,28,32,,,833,76,29,4,1,3,8,3,5,8522.895,8827.283,93415.41,100000,221861.6,500000,500000
320,"West Bengal","NADIA",336,1438075,3727156,72.158554,5165231,15,22,,,469,50,14,14,1,6,12,1,5,11013.29,11013.29,100000,100000,234783.2,430435.9,500000
321,"West Bengal","PURULIYA",340,372310,2554689,87.280146,2926999,20,23,,,489,53,22,2,1,2,4,2,3,5985.683,5985.683,55226.39,66271.67,127260.8,500000,500000
322,"Jharkhand","BOKARO",355,979297,1074431,52.316129,2053728,2,11,29,208,124,18,17,3,1,2,5,1,1,15000,15000,100000,100000,186702.5,410745.6,500000
323,"Jharkhand","CHATRA",347,62936,979288,93.961375,1042224,1,7,52,208,94,8,6,0,1,,1,,1,11087.49,15000,100000,100000,148889.1,500000,500000
324,"Jharkhand","DEOGHAR",350,258229,1230659,82.656251,1488888,2,9,40,325,181,8,8,1,1,1,3,2,2,8225.9,12064.65,100000,100000,165432,496296,500000
325,"Jharkhand","DHANBAD",354,1531014,1109142,42.010472,2640156,1,8,28,208,150,29,15,1,1,,,,,15000,15000,91039.86,100000,330019.5,500000,500000
326,"Jharkhand","DUMKA",362,90094,1229619,93.173213,1319713,1,17,45,325,255,40,15,0,1,,1,,1,5175.345,8457.271,32992.82,32992.82,77630.18,500000,500000
327,"Jharkhand","PURBI SINGHBHUM",362,1274109,1018948,44.436226,2293057,1,9,26,291,270,27,19,1,1,,2,,0,8492.804,11146.8,84928.04,84928.04,254784.1,500000,500000
328,"Jharkhand","GARHWA",346,69660,1252844,94.732719,1322504,1,10,40,310,124,10,9,1,1,,1,,1,10665.35,15000,100000,100000,132250.4,500000,500000
329,"Jharkhand","GIRIDIH",349,207939,2236085,91.491941,2444024,1,13,36,208,190,17,15,0,1,,2,,3,12863.28,15000,100000,100000,188001.8,500000,500000
330,"Jharkhand","GODDA",351,64379,1248146,95.095027,1312525,1,9,64,325,187,10,8,0,1,,2,,2,7018.85,15000,100000,100000,145836.1,500000,500000
331,"Jharkhand","GUMLA",366,65066,959836,93.651491,1024902,3,20,48,294,244,16,13,0,1,2,4,2,4,4200.418,7152.063,64056.38,100000,51245.1,256225.5,256225.5
332,"Jharkhand","HAZARIBAGH",360,275271,1458680,84.124638,1733951,2,15,37,208,140,14,11,0,1,2,7,1,5,12385.36,15000,100000,100000,115596.7,247707.3,346790.2
333,"Jharkhand","JAMTARA",363,75223,712371,90.449013,787594,1,,,,135,17,4,0,1,,,,,5834.03,15000,46329.06,100000,500000,500000,500000
334,"Jharkhand","KODARMA",348,141139,574871,80.288124,716010,1,6,36,208,65,8,6,0,1,,1,,1,11015.54,15000,89501.25,89501.25,119335,500000,500000
335,"Jharkhand","LATEHAR",359,51834,674840,92.866953,726674,1,,,,105,7,7,0,1,,,,,6920.705,15000,100000,100000,500000,500000,500000
336,"Jharkhand","LOHARDAGA",356,57287,404141,87.584845,461428,1,6,54,294,74,14,7,0,1,,2,,2,6235.514,7862.169,32959.14,32959.14,76904.66,230714,230714
337,"Jharkhand","PAKAUR",353,67451,831769,92.498944,899220,1,7,59,325,122,12,11,0,1,,0,,0,7370.656,15000,74935,100000,128460,500000,500000
338,"Jharkhand","PALAMU",358,225869,1712758,88.349022,1938627,1,14,49,310,173,27,9,2,1,,4,,1,11205.94,15000,71801,100000,138473.4,484656.8,500000
339,"Jharkhand","RANCHI",364,1236715,1640682,57.01966,2877397,4,19,35,294,326,34,22,2,1,3,6,1,5,8826.371,15000,84629.32,100000,151442,479566.2,500000
340,"Jharkhand","SAHIBGANJ",352,157050,987553,86.279085,1144603,1,8,59,325,157,15,8,1,1,,2,,1,7290.465,15000,76306.87,100000,143075.4,500000,500000
341,"Jharkhand","SARAIKELA",369,258063,804346,75.709637,1062409,1,,,,192,21,9,0,1,,,,,5533.38,15000,50590.91,100000,500000,500000,500000
342,"Jharkhand","SIMDEGA",367,42938,556298,92.834543,599236,2,,,,157,7,7,0,1,1,,2,,3816.79,15000,85605.14,100000,500000,500000,500000
343,"Jharkhand","PASHCHIMI SINGHBHUM",368,217977,1283950,85.486845,1501927,1,23,55,291,362,16,14,1,1,,4,,2,4148.97,10738.51,93870.44,93870.44,65301.18,375481.8,500000
344,"Odisha","ANUGUL",384,206165,1063366,83.760538,1269531,6,13,50,253,166,31,10,3,1,4,4,4,7,7647.777,7800.732,40952.61,100000,97656.23,317382.8,181361.6
345,"Odisha","BALANGIR",393,196928,1447985,88.02806,1644913,8,18,100,253,226,44,16,2,1,8,8,8,8,7278.376,8916.011,37384.39,60749.63,91384.05,205614.1,205614.1
346,"Odisha","BALESHWAR",377,252882,2064132,89.085867,2317014,9,19,49,276,275,69,18,1,1,8,16,7,5,8425.506,8573.321,33579.91,45790.79,121948.1,144813.4,463402.8
347,"Odisha","BARGARH",370,149967,1329493,89.863396,1479460,7,16,66,253,204,47,15,1,1,6,8,3,4,7252.255,7475.401,31477.87,36952.29,92466.25,184932.5,369865
348,"Odisha","BHADRAK",378,185306,1317469,87.669079,1502775,8,9,55,276,178,53,8,0,1,8,6,8,8,8442.557,8987.237,28354.25,43277.53,166975,250462.5,187846.9
349,"Odisha","BAUDH",391,20380,419704,95.369066,440084,2,6,64,311,67,12,6,0,1,2,2,2,1,6568.418,6773.681,36673.67,85571.89,73347.34,220042,440084
350,"Odisha","CUTTACK",381,731538,1883748,72.028375,2615286,13,21,63,276,333,72,21,2,2,10,11,9,7,7853.712,9072.392,36323.42,66236.82,124537.4,237753.3,373612.3
351,"Odisha","DEOGARH",373,22354,289486,92.83158,311840,3,5,58,253,42,8,5,0,1,3,0,3,4,7424.762,7424.762,38980,58470,62368,500000,77960
352,"Odisha","DHENKANAL",383,117345,1072983,90.141793,1190328,9,11,76,253,167,36,15,2,1,6,5,6,4,7127.712,7127.712,33064.67,59516.4,108211.6,238065.6,297582
353,"Odisha","GAJAPATI",389,70483,504019,87.731461,574502,8,9,65,311,136,22,10,0,1,8,2,8,2,4224.279,4224.279,26113.73,39170.59,63833.55,287251,287251
354,"Odisha","GANJAM",388,766222,2752015,78.221422,3518237,17,32,61,311,460,90,32,2,2,15,17,10,14,7648.341,7980.878,39091.52,90211.2,109944.9,206955.1,251302.6
355,"Odisha","JAGATSINGHPUR",380,115837,1017960,89.783268,1133797,5,10,56,276,189,37,10,0,2,5,5,4,8,5998.926,6116.552,30643.16,48153.54,113379.7,226759.4,141724.6
356,"Odisha","JAJAPUR",382,134291,1687954,92.630464,1822245,11,12,53,276,260,59,13,0,1,11,8,5,4,7008.635,7884.714,30885.51,43239.71,151853.8,227780.6,455561.3
357,"Odisha","JHARSUGUDA",371,230422,347766,60.147564,578188,4,7,51,253,66,16,7,0,1,4,2,4,3,8760.424,9091.006,36136.75,45992.23,82598.29,289094,192729.3
358,"Odisha","KALAHANDI",395,121441,1450030,92.272145,1571471,9,18,59,311,242,45,17,1,1,5,4,4,7,6493.682,7122.103,34921.58,96034.34,87303.95,392867.8,224495.9
359,"Odisha","KANDHAMAL",390,72209,659664,90.133671,731873,8,14,88,311,172,40,15,1,1,8,6,8,8,4255.076,4354.031,18296.82,27445.24,52276.64,121978.8,91484.13
360,"Odisha","KENDRAPARA",379,83215,1353522,94.208056,1436737,10,10,64,276,227,46,10,0,1,8,9,3,7,6329.238,6798.07,31233.41,97604.41,143673.7,159637.4,205248.1
361,"Odisha","KEONJHAR",375,251972,1542577,85.959035,1794549,14,18,58,253,351,67,18,2,1,14,8,14,9,5112.675,5646.835,26784.31,41393.94,99697.16,224318.6,199394.3
362,"Odisha","KHORDHA",386,1079668,1164900,51.898628,2244568,8,14,76,276,202,73,15,0,2,7,8,7,8,11111.72,11924.78,30747.51,37735.58,160326.3,280571,280571
363,"Odisha","KORAPUT",398,225432,1149155,83.600019,1374587,10,13,56,311,307,49,17,1,1,10,3,10,2,4477.482,4621.917,28052.8,65456.52,105737.5,458195.7,500000
364,"Odisha","MALKANGIRI",399,49465,562087,91.911563,611552,5,7,55,311,158,28,9,0,1,5,,5,,3870.582,4069.074,21841.14,80084.19,87364.57,500000,500000
365,"Odisha","MAYURBHANJ",376,192596,2321344,92.338878,2513940,15,32,53,276,589,87,29,3,1,13,11,10,7,4268.149,4268.149,28895.86,39009.41,78560.63,228540,359134.3
366,"Odisha","NABARANGAPUR",397,87178,1127341,92.822014,1214519,7,12,54,311,289,40,12,0,1,3,1,3,1,4202.488,4202.488,30362.97,100000,101209.9,500000,500000
367,"Odisha","NAYAGARH",385,79620,881596,91.716742,961216,8,13,67,276,166,37,13,0,1,8,9,8,3,5790.458,5908.63,25978.81,41133.12,73939.7,106801.8,320405.3
368,"Odisha","NUAPADA",394,34033,575048,94.412402,609081,4,7,56,311,96,17,8,0,1,4,3,4,3,6344.594,6579.579,35828.29,44785.37,87011.57,203027,203027
369,"Odisha","PURI",387,264548,1429682,84.385355,1694230,14,16,80,276,241,52,17,0,1,13,5,7,3,7030,8546.274,32581.35,45997.2,105889.4,338846,500000
370,"Odisha","RAYAGADA",396,146328,817832,84.823266,964160,9,13,65,311,236,38,13,1,1,9,2,9,5,4085.424,4185.068,25372.63,80346.66,74166.16,482080,192832
371,"Odisha","SAMBALPUR",372,307446,731555,70.409461,1039001,11,13,56,253,167,34,13,2,2,11,5,11,5,6221.563,6598.627,30558.85,39726.51,79923.16,207800.2,207800.2
372,"Odisha","SONAPUR",392,49891,558880,91.804636,608771,5,7,54,253,89,20,7,1,1,4,4,4,2,6840.124,6840.124,30438.55,34243.37,86967.29,152192.8,304385.5
373,"Odisha","SUNDARGARH",374,734533,1352059,64.797478,2086592,12,20,55,253,390,61,21,2,4,12,9,12,5,5350.236,5459.424,34206.43,45608.57,104329.6,231843.6,417318.4
374,"Chhattisgarh","BASTAR",414,193378,1218620,86.304655,1411998,11,15,47,312,414,57,11,8,2,2,3,2,3,3410.623,3623.787,24771.89,95548.73,94133.2,470666,470666
375,"Chhattisgarh","BILASPUR",406,679144,1981486,74.474316,2660630,12,11,46,293,419,81,11,6,2,4,5,4,6,6349.952,6820.319,32847.29,46744.21,241875.5,500000,443438.3
376,"Chhattisgarh","DANTEWADA",416,96194,437151,81.96402,533345,10,13,54,312,157,25,6,2,1,0,0,2,0,3397.102,3585.83,21333.8,60445.77,41026.54,500000,500000
377,"Chhattisgarh","DHAMTARI",412,149136,650439,81.348091,799575,5,5,55,243,186,24,6,0,1,1,2,2,1,4298.791,4657.023,33315.63,63299.69,159915,399787.5,500000
378,"Chhattisgarh","DURG",409,1284088,2057641,61.574143,3341729,13,21,43,243,524,83,25,1,1,3,4,3,2,6377.345,6725.201,40261.8,77839.47,159130,500000,500000
379,"Chhattisgarh","JANJGIR CHAMPA",405,224959,1394225,86.106644,1619184,9,11,53,293,271,53,11,3,1,1,4,4,1,5974.849,6538.514,30550.64,67647.85,147198.5,404796,500000
380,"Chhattisgarh","JASHPUR",402,75990,775530,91.075958,851520,9,9,64,286,260,34,10,1,1,1,2,3,2,3275.077,3894.686,25044.71,100000,94613.34,425760,425760
381,"Chhattisgarh","KANKER",413,76731,671920,89.750765,748651,9,10,50,312,247,32,9,1,1,2,1,3,1,3030.976,3312.927,23395.34,42536.99,74865.1,500000,500000
382,"Chhattisgarh","KAWARDHA",407,87377,734965,89.374615,822342,5,5,62,243,145,23,8,0,1,0,0,2,1,5671.324,6805.589,35754,100000,164468.4,500000,500000
383,"Chhattisgarh","KORBA",404,446173,759973,63.008375,1206146,5,7,52,293,285,45,7,0,1,2,1,4,3,4232.091,5132.536,26803.24,44672.07,172306.6,500000,402048.7
384,"Chhattisgarh","KORIYA",400,205225,453451,68.8428,658676,6,6,64,286,168,30,6,0,1,1,1,2,2,3920.69,4825.465,21955.87,95142.09,109779.3,500000,329338
385,"Chhattisgarh","MAHASAMUND",411,120066,912313,88.369969,1032379,5,6,63,243,221,30,10,0,1,1,1,3,0,4671.398,5488.893,34412.63,65957.55,172063.2,500000,500000
386,"Chhattisgarh","RAIGARH",403,246265,1247438,83.513121,1493703,10,13,65,293,351,53,11,3,1,5,6,5,4,4255.564,5299.382,28183.08,41661.94,114900.2,248950.5,373425.8
387,"Chhattisgarh","RAIPUR",410,1476485,2576153,63.567311,4052638,15,18,50,243,731,96,20,6,2,6,6,8,3,5543.964,6021.893,42214.98,78673.37,225146.6,500000,500000
388,"Chhattisgarh","RAJNANDGAON",408,272422,1263979,82.268822,1536401,10,11,55,243,332,51,11,1,1,4,2,6,2,4627.714,5270.452,30125.51,97907.91,139672.8,500000,500000
389,"Chhattisgarh","SURGUJA",401,242823,2115605,89.704032,2358428,19,21,57,286,600,80,21,0,2,4,3,2,2,3930.713,4301.535,29480.35,100000,112306.1,500000,500000
390,"Madhya Pradesh","ANUPPUR",461,204940,543347,72.612113,748287,,,,,176,16,8,0,1,,,,,4251.631,15000,46767.94,100000,500000,500000,500000
391,"Madhya Pradesh","ASHOK NAGAR",459,153526,690787,81.816459,844313,,,,,98,10,4,0,1,,,,,8615.438,15000,84431.3,100000,500000,500000,500000
392,"Madhya Pradesh","BALAGHAT",457,244470,1455707,85.620909,1700177,10,12,66,310,289,37,9,4,1,4,3,4,1,5882.965,5996.099,45950.73,100000,141681.4,500000,500000
393,"Madhya Pradesh","BARWANI",441,203978,1181114,85.273325,1385092,8,11,69,278,239,31,9,1,1,2,2,3,2,5795.364,5795.364,44680.39,100000,125917.5,500000,500000
394,"Madhya Pradesh","BETUL",447,308986,1265153,80.371111,1574139,8,11,68,296,264,35,11,0,1,1,2,4,3,5962.648,6191.98,44975.4,100000,143103.5,500000,500000
395,"Madhya Pradesh","BHIND",420,432008,1266992,74.572808,1699000,7,8,53,311,189,22,9,0,1,3,2,2,3,8989.418,9498.253,77227.27,100000,212375,500000,500000
396,"Madhya Pradesh","BHOPAL",444,1908936,452763,19.171071,2361699,3,6,50,287,67,16,5,6,1,1,5,2,4,15000,15000,100000,100000,393616.5,472339.8,500000
397,"Madhya Pradesh","BURHANPUR",467,260154,497323,65.655195,757477,,,,,100,15,4,0,1,,,,,7574.77,15000,50498.46,100000,500000,500000,500000
398,"Madhya Pradesh","CHHATARPUR",425,397728,1361385,77.390423,1759113,6,13,72,397,200,37,10,1,1,2,2,2,3,8795.565,9121.327,47543.59,100000,135316.4,500000,500000
399,"Madhya Pradesh","CHHINDWADA",455,504746,1584810,75.844342,2089556,14,18,72,310,327,69,16,2,1,6,4,4,2,6390.08,6953.91,30283.42,44415.68,116086.4,500000,500000
400,"Madhya Pradesh","DAMOH",428,250247,1012678,80.185126,1262925,7,8,80,397,169,15,8,1,1,1,1,2,1,7472.929,7760.349,84195,100000,157865.6,500000,500000
401,"Madhya Pradesh","DATIA",422,181895,604519,76.870325,786414,3,6,75,262,98,11,3,1,1,1,1,3,1,8024.633,9935.26,71492.18,100000,131069,500000,500000
402,"Madhya Pradesh","DEWAS",437,451611,1111271,71.103961,1562882,6,7,59,268,182,22,7,0,1,2,4,2,1,8587.264,9027.637,71040.09,100000,223268.9,390720.5,500000
403,"Madhya Pradesh","DHAR",438,412861,1770758,81.09281,2183619,11,17,57,278,414,53,16,0,1,3,6,2,4,5274.442,5469.792,41200.36,77250.67,128448.2,363936.5,500000
404,"Madhya Pradesh","DINDORI",453,32307,671587,95.410246,703894,7,8,72,435,182,22,7,0,1,0,1,1,1,3867.55,3992.309,31995.18,95985.55,87986.75,500000,500000
405,"Madhya Pradesh","KHANDWA",466,259318,1050157,80.196796,1309475,8,12,68,278,195,31,7,0,1,0,4,1,2,6715.256,7134.96,42241.13,89762.4,109122.9,327368.8,500000
406,"Madhya Pradesh","GUNA",458,312194,928236,74.831792,1240430,9,12,79,262,119,18,6,1,1,5,4,3,2,10423.78,10423.78,68912.78,100000,103369.2,310107.5,500000
407,"Madhya Pradesh","GWALIOR",421,1272236,757262,37.312774,2029498,6,9,51,262,101,27,4,3,1,5,5,3,3,15000,15000,75166.59,85904.68,225499.8,405899.6,500000
408,"Madhya Pradesh","HARDA",448,119328,450745,79.067944,570073,3,5,64,296,64,7,5,0,1,1,1,0,0,8907.391,10179.88,81439,97726.8,114014.6,500000,500000
409,"Madhya Pradesh","HOSHANGABAD",449,389576,850925,68.595269,1240501,6,11,68,296,283,27,11,1,1,1,4,0,5,4383.396,4675.622,45944.48,91888.96,112772.8,310125.3,248100.2
410,"Madhya Pradesh","INDORE",439,2417199,847631,25.962485,3264830,4,9,40,278,111,44,10,4,1,2,6,1,3,15000,15000,74200.68,100000,362758.9,500000,500000
411,"Madhya Pradesh","JABALPUR",451,1436304,1022153,41.577014,2458457,4,10,51,310,190,46,10,3,1,1,8,1,3,12939.25,13436.91,53444.72,65321.32,245845.7,307307.1,500000
412,"Madhya Pradesh","JHABUA",464,91949,932701,91.026302,1024650,9,15,68,278,206,18,8,0,1,2,4,2,5,4974.029,5426.213,56925,100000,68310,256162.5,204930
413,"Madhya Pradesh","KATNI",450,263457,1027396,79.590472,1290853,6,10,70,310,159,19,7,1,1,1,4,2,1,8118.572,8118.572,67939.63,100000,129085.3,322713.3,500000
414,"Madhya Pradesh","KHARGONE",440,298676,1573008,84.042392,1871684,6,14,58,278,288,55,10,4,1,1,2,3,3,6498.903,6808.375,34030.62,100000,133691.7,500000,500000
415,"Madhya Pradesh","MANDLA",454,130132,923725,87.651835,1053857,9,10,71,310,248,30,12,0,1,2,0,5,2,4249.423,4434.181,35128.57,57483.11,105385.7,500000,500000
416,"Madhya Pradesh","MANDSAUR",433,277457,1062219,79.289246,1339676,4,10,64,268,170,43,6,2,1,2,2,2,2,7880.447,8284.572,31155.26,49848.41,133967.6,500000,500000
417,"Madhya Pradesh","MORENA",419,470005,1494485,76.074961,1964490,8,10,64,311,201,19,8,1,1,5,3,2,1,9773.582,10149.49,100000,100000,196449,500000,500000
418,"Madhya Pradesh","NARSINGHPUR",452,203342,887464,81.358555,1090806,6,8,68,310,145,21,7,1,1,2,3,3,3,7522.8,7773.56,51943.14,67526.09,136350.8,363602,363602
419,"Madhya Pradesh","NEEMUCH",432,245165,580460,70.305526,825625,4,8,59,268,104,19,4,2,1,4,1,3,1,7938.702,7938.702,43453.95,62766.81,103203.1,500000,500000
420,"Madhya Pradesh","PANNA",426,125229,889980,87.664707,1015209,6,7,93,397,141,14,6,0,1,0,1,1,1,7200.064,8509.166,72514.93,72514.93,145029.9,500000,500000
421,"Madhya Pradesh","RAISEN",446,303250,1027532,77.212646,1330782,5,10,78,287,190,23,8,1,1,1,4,1,3,7004.116,7004.116,57860.09,74391.54,133078.2,332695.5,443594
422,"Madhya Pradesh","RAJGARH",442,276306,1268589,82.114901,1544895,5,9,63,287,171,28,7,3,1,4,2,5,1,9034.474,9969.074,55174.82,85270.18,171655,500000,500000
423,"Madhya Pradesh","RATLAM",434,434882,1019441,70.097289,1454323,6,11,66,268,167,28,7,2,1,2,3,4,2,8708.521,9056.861,51940.11,77910.16,132211.2,484774.3,500000
424,"Madhya Pradesh","REWA",430,395470,1967068,83.260798,2362538,10,13,73,336,284,32,12,2,1,3,4,5,0,8318.796,8873.382,73829.31,100000,181733.7,500000,500000
425,"Madhya Pradesh","SAGAR",427,707588,1667698,70.210408,2375286,10,16,70,397,247,30,16,1,1,3,4,4,2,9616.543,10356.28,79176.2,90487.09,148455.4,500000,500000
426,"Madhya Pradesh","SATNA",429,473926,1752856,78.717001,2226782,7,11,90,336,265,43,10,2,1,2,2,3,6,8402.951,8613.024,51785.63,100000,202434.7,500000,371130.3
427,"Madhya Pradesh","SEHORE",445,248266,1062558,81.06031,1310824,8,10,70,287,156,20,10,1,1,1,4,2,5,8402.718,8402.718,65541.2,87388.27,131082.4,327706,262164.8
428,"Madhya Pradesh","SEONI",456,163819,1214377,88.113519,1378196,7,9,73,310,269,31,10,0,2,1,2,2,2,5123.405,5443.618,44457.93,95267.01,153132.9,500000,500000
429,"Madhya Pradesh","SHAHDOL",460,219473,845946,79.400311,1065419,8,18,77,435,192,30,9,1,1,6,3,4,2,5549.057,5771.02,35513.96,55243.95,59189.95,355139.7,500000
430,"Madhya Pradesh","SHAJAPUR",436,293456,1218214,80.587297,1511670,8,13,60,268,109,16,5,2,1,1,3,4,3,13868.53,13868.53,94479.38,100000,116282.3,500000,500000
431,"Madhya Pradesh","SHEOPUR",418,107323,580130,84.388315,687453,4,4,74,311,90,10,3,0,1,1,0,2,0,7638.367,8274.897,68745.3,80202.85,171863.3,500000,500000
432,"Madhya Pradesh","SHIVPURI",423,295222,1428503,82.873022,1723725,7,9,71,262,191,15,9,0,1,1,2,2,1,9024.738,9669.362,100000,100000,191525,500000,500000
433,"Madhya Pradesh","SIDHI",462,93083,1033092,91.734588,1126175,10,13,72,336,145,27,7,0,1,1,2,4,2,7766.724,9117.459,41710.18,100000,86628.84,500000,500000
434,"Madhya Pradesh","TIKAMGARH",424,249726,1194296,82.706219,1444022,7,7,67,397,160,22,8,0,1,1,1,1,1,9025.138,9025.138,65637.37,100000,206288.9,500000,500000
435,"Madhya Pradesh","UJJAIN",435,778740,1206813,60.779692,1985553,4,16,59,268,189,29,6,6,1,2,5,2,6,10505.57,11506.1,68467.34,100000,124097.1,397110.6,330925.5
436,"Madhya Pradesh","UMARIA",431,110459,533695,82.852082,644154,4,5,67,435,89,13,3,0,1,0,1,0,1,7237.686,8171.58,49550.31,100000,128830.8,500000,500000
437,"Madhya Pradesh","VIDISHA",443,339386,1118548,76.721443,1457934,7,11,72,287,152,23,8,2,1,1,4,2,2,9591.671,9991.324,63388.43,71311.99,132539.5,364483.5,500000
438,"Gujarat","AHMEDABAD",474,6046232,1148673,15.965089,7194905,6,,,,215,117,21,18,2,3,,3,,15000,15000,61494.91,100000,500000,500000,500000
439,"Gujarat","AMRELI",480,385350,1123294,74.457195,1508644,11,,,,248,44,34,3,1,2,,0,,6083.242,15000,34287.36,100000,500000,500000,500000
440,"Gujarat","ANAND",482,632516,1453958,69.684933,2086474,10,,,,276,59,26,0,1,2,,1,,7559.688,15000,35363.96,100000,500000,500000,500000
441,"Gujarat","BANAS KANTHA",469,414636,2703270,86.701459,3117906,11,,,,747,100,50,1,1,2,,5,,4173.904,15000,31179.06,100000,500000,500000,500000
442,"Gujarat","BHARUCH",488,520885,1020664,66.210286,1541549,8,,,,213,59,17,0,1,1,,3,,7237.319,15000,26127.95,100000,500000,500000,500000
443,"Gujarat","BHAVNAGAR",481,1179646,1694654,58.958842,2874300,13,,,,298,68,19,1,1,2,,5,,9645.302,15000,42269.12,100000,500000,500000,500000
444,"Gujarat","THE DANGS",489,24535,203408,89.236344,227943,2,,,,71,10,4,0,1,1,,0,,3210.465,15000,22794.3,100000,500000,500000,500000
445,"Gujarat","DAHOD",485,191243,1930641,90.987113,2121884,11,,,,336,67,25,1,1,2,,3,,6315.131,15000,31669.91,100000,500000,500000,500000
446,"Gujarat","GANDHINAGAR",473,598685,787392,56.807234,1386077,7,,,,169,40,23,3,3,2,,3,,8201.639,15000,34651.93,100000,500000,500000,500000
447,"Gujarat","JAMNAGAR",477,968486,1186886,55.066411,2155372,9,,,,148,36,20,1,1,0,,2,,14563.32,15000,59871.45,100000,500000,500000,500000
448,"Gujarat","JUNAGADH",479,904337,1834357,66.979261,2738694,14,,,,243,45,21,10,1,1,,5,,11270.35,15000,60859.87,100000,500000,500000,500000
449,"Gujarat","KACHCHH",468,725897,1362845,65.247168,2088742,10,,,,279,52,27,7,1,1,,3,,7486.53,15000,40168.12,100000,500000,500000,500000
450,"Gujarat","KHEDA",483,517572,1759955,77.274825,2277527,10,,,,282,49,10,16,1,2,,2,,8076.337,15000,46480.14,100000,500000,500000,500000
451,"Gujarat","MAHESANA",471,512716,1518745,74.761219,2031461,14,,,,288,61,28,13,2,5,,4,,7053.684,15000,33302.64,100000,500000,500000,500000
452,"Gujarat","NARMADA",487,61765,526441,89.499427,588206,4,,,,199,26,7,1,1,1,,1,,2955.809,15000,22623.31,100000,500000,500000,500000
453,"Gujarat","NAVSARI",490,406610,915710,69.250257,1322320,10,,,,287,54,22,2,1,3,,1,,4607.387,15000,24487.41,100000,500000,500000,500000
454,"Gujarat","PANCH MAHALS",484,334094,2051081,85.992894,2385175,11,,,,299,57,25,0,1,4,,3,,7977.174,15000,41845.18,100000,500000,500000,500000
455,"Gujarat","PATAN",470,280823,1060380,79.061857,1341203,8,,,,210,42,18,10,2,1,,4,,6386.681,15000,31933.4,100000,500000,500000,500000
456,"Gujarat","PORBANDAR",478,284757,299544,51.265358,584301,5,,,,84,14,8,0,1,2,,0,,6955.964,15000,41735.79,100000,500000,500000,500000
457,"Gujarat","RAJKOT",476,2206231,1586784,41.834372,3793015,9,,,,248,63,25,14,2,3,,2,,15000,15000,60206.59,100000,500000,500000,500000
458,"Gujarat","SABAR KANTHA",472,362877,2062122,85.035994,2424999,14,,,,226,37,11,15,2,3,,6,,10730.08,15000,65540.52,100000,500000,500000,500000
459,"Gujarat","SURAT",492,4806564,1221040,20.257469,6027604,7,,,,364,97,34,0,2,3,,2,,15000,15000,62140.25,100000,500000,500000,500000
460,"Gujarat","SURENDRANAGAR",475,495964,1257405,71.713655,1753369,12,,,,199,52,22,2,1,1,,5,,8810.899,15000,33718.63,100000,500000,500000,500000
461,"Gujarat","VADODARA",486,2050156,2087069,50.446108,4137225,12,,,,264,75,19,7,3,4,,5,,15000,15000,55163,100000,500000,500000,500000
462,"Gujarat","VALSAD",491,630422,1059890,62.703809,1690312,9,,,,390,52,23,1,1,1,,3,,4334.133,15000,32506,100000,500000,500000,500000
463,"Daman & Diu","DAMAN",495,158618,32267,16.903895,190885,2,,,,20,1,2,0,1,2,,2,,9544.25,15000,100000,100000,500000,500000,500000
464,"Daman & Diu","DIU",494,23960,28046,53.928393,52006,1,,,,6,2,2,0,1,,,,,8667.667,15000,26003,100000,500000,500000,500000
465,"Dadra & Nagar Haveli","DADRA AND NAGAR HAVELI",496,160443,182894,53.269528,343337,2,,,,62,12,2,0,1,1,,0,,5537.693,15000,28611.42,100000,500000,500000,500000
466,"Maharashtra","AHMEDNAGAR",522,910348,3617596,79.894893,4527944,16,14,,,555,105,24,4,3,13,10,4,3,8158.458,8373.154,43123.28,47914.75,323424.6,452794.4,500000
467,"Maharashtra","AKOLA",501,718587,1091314,60.296889,1809901,6,7,,,178,44,5,3,6,3,3,1,2,10167.98,10845.85,41134.11,41134.11,258557.3,500000,500000
468,"Maharashtra","AMRAVATI",503,1034089,1843315,64.061738,2877404,9,13,,,332,72,10,5,6,4,8,2,5,8666.88,8666.88,39963.95,44404.38,221338.8,359675.5,500000
469,"Maharashtra","AURANGABAD",515,1617522,2076177,56.208614,3693699,5,11,,,279,83,16,5,3,2,9,1,4,13239.06,13239.06,44502.4,46525.23,335790.8,410411,500000
470,"Maharashtra","BID",523,513823,2069110,80.106995,2582933,10,10,,,280,51,11,3,4,3,8,3,2,9224.761,9644.068,50645.75,60141.82,258293.3,322866.6,500000
471,"Maharashtra","BHANDARA",506,232915,959937,80.474107,1192852,5,7,,,193,33,7,3,2,1,4,2,7,6180.58,6461.516,36147.03,38556.83,170407.4,298213,170407.4
472,"Maharashtra","BULDANA",500,548224,2034144,78.770493,2582368,8,14,,,280,57,12,3,3,2,5,1,3,9222.743,10013.26,45304.7,45304.7,184454.9,500000,500000
473,"Maharashtra","CHANDRAPUR",509,773916,1423495,64.780553,2197411,10,13,,,339,65,11,4,3,5,7,2,3,6482.039,6482.039,33806.32,33806.32,169031.6,313915.8,500000
474,"Maharashtra","DHULE",498,564670,1467554,72.214185,2032224,5,7,,,232,48,6,4,3,4,6,3,4,8759.586,8978.576,42338,45474.15,290317.7,338704,500000
475,"Maharashtra","GADCHIROLI",508,117916,952267,88.981698,1070183,10,13,,,378,46,9,4,2,2,6,4,6,2831.172,2831.172,23264.85,23264.85,82321.77,178363.8,178363.8
476,"Maharashtra","GONDIYA",507,225616,1094617,82.910895,1320233,11,9,,,238,39,10,2,3,2,5,1,3,5547.197,5547.197,33852.13,33852.13,146692.6,264046.6,440077.7
477,"Maharashtra","HINGOLI",512,178407,997443,84.827401,1175850,4,5,,,132,24,3,2,3,2,2,2,3,8907.954,9756.331,48993.75,48993.75,235170,500000,391950
478,"Maharashtra","JALGAON",499,1329504,2866933,68.318266,4196437,14,17,,,442,88,23,5,3,4,9,3,4,9494.201,9731.557,47686.79,47686.79,246849.2,466270.8,500000
479,"Maharashtra","JALNA",514,374244,1572175,80.772691,1946419,9,8,,,213,40,10,2,3,4,5,5,4,9138.117,9360.998,48660.48,48660.48,243302.4,389283.8,486604.8
480,"Maharashtra","KOLHAPUR",530,1225625,2633309,68.239286,3858934,13,16,,,413,89,21,8,3,13,14,2,4,9343.666,10327.21,43358.81,51697.04,241183.4,275638.2,500000
481,"Maharashtra","LATUR",524,621779,1822057,74.557253,2443836,11,10,,,252,54,11,4,3,5,6,3,3,9697.762,10973.78,45256.22,48876.72,244383.6,407306,500000
482,"","",,3069834,0,0,3069834,,,,,,,,,,,,,,15000,15000,100000,100000,500000,500000,500000
483,"Maharashtra","BRIHAN MUMBAI",518,9323927,0,0,9323927,,,,,0,317,46,1,14,,,,,15000,15000,29413.02,100000,500000,500000,500000
484,"Maharashtra","NAGPUR",505,3168769,1472339,31.723869,4641108,9,11,,,316,88,12,4,7,2,8,2,4,14687.05,14687.05,52739.86,52739.86,421918.9,500000,500000
485,"Maharashtra","NANDED",511,912092,2441184,72.799972,3353276,11,16,,,379,72,12,6,4,,13,,6,8847.694,9546.196,46573.28,48364.56,209579.8,257944.3,500000
486,"Maharashtra","NANDURBAR",497,275201,1368104,83.2532,1643305,9,7,,,290,58,11,3,2,6,5,4,4,5666.569,5936.406,28332.85,31315.25,234757.9,328661,410826.3
487,"Maharashtra","NASHIK",516,2593943,3502411,57.450912,6096354,16,19,,,574,148,36,8,5,12,16,8,4,10620.83,11758.77,41191.58,42717.2,320860.8,381022.1,500000
488,"Maharashtra","OSMANABAD",525,280492,1373411,83.040602,1653903,9,9,,,206,42,7,5,3,5,6,6,5,8028.655,8377.728,39378.64,39378.64,183767,275650.5,330780.6
489,"Maharashtra","PARBHANI",513,565821,1262469,69.051901,1828290,7,9,,,214,32,6,3,4,3,3,0,0,8543.411,9397.752,57134.06,57134.06,203143.3,500000,500000
490,"Maharashtra","PUNE",521,5725048,3669983,39.063022,9395031,22,15,,,540,186,48,14,8,16,12,10,6,15000,15000,50510.92,65367.07,500000,500000,500000
491,"Maharashtra","RAIGARH",520,967386,1657848,63.150485,2625234,10,11,,,288,53,12,4,2,6,6,7,6,9115.396,9595.153,49532.72,55476.64,238657.6,437539,437539
492,"Maharashtra","RATNAGIRI",528,263331,1349972,83.677524,1613303,9,9,,,378,68,10,4,2,3,5,3,5,4267.998,4453.563,23725.04,24911.3,179255.9,322660.6,322660.6
493,"Maharashtra","SANGLI",531,714872,2092077,74.532063,2806949,9,11,,,321,71,15,4,4,8,8,5,4,8744.39,10201.79,39534.49,42462.97,255177.2,350868.6,500000
494,"Maharashtra","SATARA",527,567915,2421603,81.003125,2989518,11,11,,,400,73,17,3,2,9,10,5,6,7473.795,8968.554,40952.3,42813.77,271774.4,298951.8,498253
495,"Maharashtra","SINDHUDURG",529,106759,740524,87.399842,847283,9,11,,,248,38,7,4,2,8,6,2,4,3416.464,3416.464,22296.92,22296.92,77025.73,141213.8,211820.8
496,"Maharashtra","SOLAPUR",526,1393674,2908955,67.608781,4302629,15,15,,,430,98,18,6,4,11,11,7,4,10006.11,10720.84,43904.38,43904.38,286841.9,391148.1,500000
497,"Maharashtra","THANE",517,8468633,2537695,23.056691,11006328,7,14,,,187,137,23,9,12,3,10,3,7,15000,15000,80338.16,89264.63,500000,500000,500000
498,"Maharashtra","WARDHA",504,423105,876769,67.450307,1299874,7,6,,,181,27,7,3,4,2,4,1,2,7181.625,7592.003,48143.48,48143.48,216645.7,324968.5,500000
499,"Maharashtra","WASHIM",502,211216,984313,82.332842,1195529,7,7,,,153,25,7,1,2,2,2,1,1,7813.915,8169.093,47821.16,47821.16,170789.9,500000,500000
500,"Maharashtra","YAVATMAL",510,597289,2169045,78.408645,2766334,12,13,,,451,65,14,6,3,4,8,3,3,6133.778,6133.778,42558.98,44798.93,212794.9,345791.8,500000
501,"Telangana","ADILABAD",532,734890,1928561,72.408353,2663451,9,14,,,462,90,7,7,2,3,2,1,4,5765.045,5765.045,29593.9,31870.35,190246.5,500000,500000
502,"Andhra Pradesh","ANANTAPUR",553,1135684,2897889,71.844219,4033573,12,18,,,588,146,12,11,10,3,8,1,4,6859.818,8384.222,27627.21,29409.61,224087.4,500000,500000
503,"Andhra Pradesh","CHITTOOR",554,1218104,2896558,70.396013,4114662,9,19,,,644,147,10,14,9,4,15,1,6,6389.227,8325.356,27990.9,31851.71,216561.2,274310.8,500000
504,"Andhra Pradesh","CUDDAPAH",551,977070,1900592,66.046395,2877662,5,9,,,497,118,13,6,12,,6,,5,5790.064,5927.923,24386.97,28288.88,319740.2,479610.3,500000
505,"Andhra Pradesh","EAST GODAVARI",545,1313124,3838280,74.509396,5151404,12,15,,,795,178,21,13,13,5,9,3,4,6479.753,6630.445,28940.47,35619.04,343426.9,500000,500000
506,"Andhra Pradesh","GUNTUR",548,1651361,3232374,66.186515,4883735,10,22,,,680,142,35,9,13,5,8,2,4,7181.963,7181.963,34392.5,35620.8,221988,500000,500000
507,"Telangana","HYDERABAD",536,3860042,0,0,3860042,1,,,,0,93,21,11,6,,,,,15000,15000,41505.83,100000,500000,500000,500000
508,"Telangana","KARIM NAGAR",534,938937,2761526,74.626499,3700463,7,12,,,612,96,9,4,1,3,7,5,6,6046.508,6046.508,38546.49,40382.04,308371.9,500000,500000
509,"Telangana","KHAMMAM",541,654139,2129001,76.496367,2783140,6,18,,,574,83,9,6,1,3,5,2,3,4848.676,4848.676,33531.81,33531.81,154618.9,500000,500000
510,"Andhra Pradesh","KRISHNA",547,1815370,2644162,59.292365,4459532,9,15,,,593,159,10,13,9,4,11,0,3,7520.29,8248.06,28047.37,28047.37,297302.1,405412,500000
511,"Andhra Pradesh","KURNOOL",552,1144248,2887081,71.61611,4031329,8,21,,,542,123,39,5,9,4,6,2,3,7437.876,7995.717,32775.03,39118.59,191968,500000,500000
512,"Telangana","MAHBUBNAGAR",538,600851,3424978,85.075099,4025829,9,17,,,675,120,16,5,1,7,5,1,5,5964.191,6212.699,33548.57,33548.57,236813.5,500000,500000
513,"Telangana","MEDAK",535,723455,2301420,76.083144,3024875,9,13,,,552,84,9,6,1,5,8,5,7,5479.846,5708.173,36010.42,39439.98,232682.7,378109.4,432125
514,"Telangana","NALGONDA",539,660583,2820651,81.024459,3481234,8,15,,,565,94,8,8,1,8,13,5,9,6161.476,6697.257,37034.4,41149.34,232082.3,267787.2,386803.8
515,"Andhra Pradesh","NELLORE",550,855856,2103327,71.077963,2959183,8,17,,,479,119,33,5,6,1,8,2,4,6177.835,7766.421,24867.08,26421.28,174069.6,369897.9,500000
516,"Telangana","NIZAMABAD",533,579306,1934441,76.954483,2513747,6,17,,,427,51,15,4,2,5,6,3,6,5886.995,5886.995,49289.16,57504.02,147867.5,418957.8,418957.8
517,"Andhra Pradesh","PRAKASAM",549,663158,2728635,80.448158,3391793,6,10,,,535,104,18,5,6,3,6,4,1,6339.8,7245.486,32613.39,39136.07,339179.3,500000,500000
518,"","",,3615563,1545326,29.94302,5160889,11,13,,,,,,,,7,10,2,5,15000,15000,100000,100000,396991.5,500000,500000
519,"Andhra Pradesh","SRIKAKULAM",542,436096,2263144,83.843749,2699240,10,19,,,479,94,18,3,1,5,9,3,10,5635.157,5635.157,28715.32,31737.98,142065.3,299915.6,269924
520,"Andhra Pradesh","VISHAKAPATNAM",544,1991426,2244820,52.990785,4236246,7,15,,,591,170,14,2,5,5,5,0,3,7167.929,7167.929,24919.09,25877.52,282416.4,500000,500000
521,"Andhra Pradesh","VIZIANAGARAM",543,485104,1839125,79.128391,2324229,7,13,,,431,91,12,5,7,6,8,2,4,5392.643,6419.813,25540.98,30048.21,178786.8,290528.6,500000
522,"Telangana","WARANGAL",540,986567,2511711,71.798496,3498278,8,11,,,590,89,7,7,1,,7,,3,5929.285,6522.213,39306.5,40661.89,318025.3,499754,500000
523,"Andhra Pradesh","WEST GODAVARI",546,808148,3126662,79.461575,3934810,6,18,,,618,138,12,8,6,2,12,1,6,6367.006,7235.235,28513.12,30013.81,218600.6,327900.8,500000
524,"Karnataka","BAGALKOTE",556,597583,1291340,68.363824,1888923,6,14,,,237,53,9,17,1,5,9,2,3,7970.139,9660.774,35640.05,45540.07,134923.1,209880.3,500000
525,"Karnataka","BANGALORE URBAN",572,8738719,870717,9.0610625,9609436,0,7,,,279,102,103,15,8,,5,,3,15000,15000,94210.16,100000,500000,500000,500000
526,"Karnataka","BANGALORE RURAL",583,268636,721365,72.865078,990001,4,6,,,199,48,3,11,0,,4,,3,4974.879,5117.019,20625.02,30250.03,165000.2,247500.3,330000.3
527,"Karnataka","BELGAUM",555,1210787,3566820,74.657041,4777607,8,24,,,599,154,16,33,1,7,16,6,12,7975.972,10026.94,31023.42,37917.52,199067,298600.4,398133.9
528,"Karnataka","BELLARY",565,919803,1531391,62.475308,2451194,4,18,,,293,82,11,19,1,2,6,2,5,8365.85,9175.448,29892.61,33039.2,136177.4,408532.3,490238.8
529,"Karnataka","BIDAR",558,425764,1276822,74.993099,1702586,8,13,,,275,57,8,11,1,2,3,1,5,6191.222,6842.929,29869.93,33454.32,130968.2,500000,340517.2
530,"Karnataka","BIJAPUR",557,501578,1674330,76.948566,2175908,6,12,,,318,72,12,12,1,4,3,3,2,6842.478,9194.58,30220.95,36265.13,181325.7,500000,500000
531,"Karnataka","CHAMRAJNAGAR",578,174883,845069,82.853801,1019952,2,6,,,259,63,3,10,1,1,4,1,3,3938.039,4109.258,16189.71,30760.46,169992,254988,339984
532,"Karnataka","CHIKMAGALUR",570,239374,897864,78.951284,1137238,5,12,,,370,90,5,26,1,2,10,2,6,3073.616,3073.616,12635.98,16679.49,94769.84,113723.8,189539.7
533,"Karnataka","CHITRADURGA",566,329318,1328381,80.134029,1657699,6,16,,,342,81,11,17,1,1,9,1,4,4847.073,5867.51,20465.42,23876.32,103606.2,184188.8,414424.8
534,"Karnataka","DAKSHINA KANNADA",575,995638,1093131,52.333743,2088769,7,12,,,430,73,9,11,2,6,9,0,1,4857.603,5378.06,28613.27,35766.59,174064.1,232085.4,500000
535,"Karnataka","DAVANAGERE",567,628431,1314811,67.660693,1943242,3,12,,,325,105,6,17,2,1,6,1,6,5979.206,7175.047,18507.07,23133.83,161936.8,323873.7,323873.7
536,"Karnataka","DHARWAD",562,1048932,797268,43.18427,1846200,3,4,,,185,55,1,18,2,1,,1,,9979.459,9979.459,33567.27,33567.27,461550,500000,500000
537,"Karnataka","GADAG",561,379149,684907,64.367571,1064056,3,7,,,187,43,2,16,1,2,4,1,1,5690.139,5690.139,24745.49,31619.23,152008,266014,500000
538,"Karnataka","GULBARGA",579,834615,1729704,67.452762,2564319,13,23,,,344,101,17,20,1,4,7,3,7,7454.416,8461.77,25389.3,42315.5,111492.1,366331.3,366331.3
539,"Karnataka","HASSAN",574,376652,1398645,78.783719,1775297,7,21,,,478,138,16,32,1,1,7,1,6,3714.01,3714.01,12864.47,13477.06,84537.95,253613.9,295882.8
540,"Karnataka","HAVERI",564,355379,1241754,77.748941,1597133,8,12,,,315,70,6,18,1,3,8,1,4,5070.264,5755.434,22816.19,27536.78,133094.4,199641.6,399283.3
541,"Karnataka","KODAGU",576,80951,473246,85.3931,554197,6,10,,,196,30,7,7,1,3,5,2,1,2827.536,2950.472,18473.23,19627.81,55419.7,110839.4,500000
542,"Karnataka","KOLAR",581,479807,1055312,68.744638,1535119,3,8,,,291,70,3,16,1,2,8,1,6,5275.323,6206.262,21930.27,35088.43,191889.9,191889.9,255853.2
543,"Karnataka","KOPPAL",560,233531,1155276,83.184777,1388807,10,13,,,179,48,9,10,1,1,6,2,4,7758.698,7758.698,28933.48,31000.16,106831.3,231467.8,347201.8
544,"Karnataka","MANDYA",573,308275,1496368,82.917674,1804643,2,14,,,412,121,7,21,1,1,10,1,7,4380.202,4977.501,14914.41,16902.99,128903.1,180464.3,257806.1
545,"Karnataka","MYSORE",577,1244508,1754533,58.503135,2999041,3,14,,,510,154,10,24,2,2,12,2,6,5880.473,6058.668,19474.29,21908.58,214217.2,249920.1,499840.2
546,"Karnataka","RAICHUR",559,490105,1437548,74.57504,1927653,5,11,,,220,60,6,15,1,1,2,1,5,8762.06,11974.81,32127.55,42836.73,175241.2,500000,385530.6
547,"Karnataka","SHIMOGA",568,623524,1128465,64.410507,1751989,5,13,,,356,106,7,24,2,1,6,1,4,4921.317,6692.992,16528.2,20121.29,134768.4,291998.2,437997.3
548,"Karnataka","TUMKUR",571,598396,2078197,77.64337,2676593,6,14,,,534,147,6,32,1,4,12,4,10,5012.347,5388.272,18208.12,24277.49,191185.2,223049.4,267659.3
549,"Karnataka","UDUPI",569,333799,842903,71.632665,1176702,5,10,,,326,63,7,10,1,1,4,1,4,3609.515,3759.912,18677.81,25348.46,117670.2,294175.5,294175.5
550,"Karnataka","UTTARA KANNADA",563,418842,1017630,70.842314,1436472,5,13,,,344,85,4,42,1,4,10,2,12,4175.791,4272.902,16899.67,32020.43,110497.8,143647.2,119706
551,"Goa","NORTH GOA",585,492284,324210,39.707579,816494,5,4,,,134,32,7,1,2,2,3,3,3,6093.239,6358.162,25515.44,25515.44,204123.5,272164.7,272164.7
552,"Goa","SOUTH GOA",586,413354,226603,35.409098,639957,3,3,,,90,23,4,1,1,2,3,1,1,7110.633,9620.269,27824.22,27824.22,213319,213319,500000
553,"Lakshadweep","LAKSHADWEEP",587,50244,14114,21.930452,64358,4,,,,15,5,4,2,1,1,,1,,4290.533,15000,12871.6,100000,500000,500000,500000
554,"Kerala","ALAPPUZHA",598,1147217,978408,46.029191,2125625,15,14,,,396,63,16,28,4,3,4,7,4,5367.74,5367.74,33740.08,45648.34,151830.4,500000,500000
555,"Kerala","ERNAKULAM",595,2232407,1047291,31.932544,3279698,22,22,,,507,90,21,37,5,3,6,12,7,6468.833,6468.833,36441.09,36441.09,149077.2,500000,468528.3
556,"Kerala","IDUKKI",596,51981,1056109,95.308955,1108090,10,10,,,307,42,14,16,1,3,5,7,10,3609.414,3609.414,26383.1,26383.1,110809,221618,110809
557,"Kerala","KANNUR",589,1637082,880160,34.965252,2517242,15,13,,,442,85,11,22,3,4,6,8,5,5695.118,5695.118,29614.61,31729.94,193634,419540.3,500000
558,"Kerala","KASARAGOD",588,508084,797537,61.084878,1305621,9,9,,,257,42,11,9,2,,7,,9,5080.237,7620.356,31086.21,31086.21,145069,186517.3,145069
559,"Kerala","KOLLAM",600,1186350,1447219,54.952766,2633569,19,18,,,435,61,18,28,2,4,6,12,6,6054.182,6054.182,43173.26,43173.26,146309.4,438928.2,438928.2
560,"Kerala","KOTTAYAM",597,564866,1408137,71.370241,1973003,18,13,,,359,61,17,28,6,5,8,11,8,5495.83,6280.949,32344.31,52559.51,151769.5,246625.4,246625.4
561,"Kerala","KOZHIKKODE",591,2070566,1012768,32.846523,3083334,19,17,,,449,84,10,21,5,3,5,11,9,6867.114,6867.114,36706.36,36706.36,181372.6,500000,342592.7
562,"Kerala","MALAPPURAM",592,1815943,2293734,55.812999,4109677,20,16,,,611,93,20,28,4,7,16,10,16,6726.149,11210.25,44190.07,100000,256854.8,256854.8,256854.8
563,"Kerala","PALAKKAD",593,676277,2130522,75.905756,2806799,19,11,,,533,81,19,28,2,3,11,6,11,5266.04,5266.04,34651.84,34651.84,255163.5,255163.5,255163.5
564,"Kerala","PATHANAMTHITTA",599,131459,1064796,89.010788,1196255,12,17,,,265,46,11,18,3,2,17,6,17,4514.17,4514.17,26005.54,26005.54,70367.94,70367.94,70367.94
565,"Kerala","THIRUVANANTHAPURAM",601,1769633,1528070,46.337405,3297703,19,22,,,534,83,23,35,6,3,9,12,9,6175.474,6175.474,39731.36,39731.36,149895.6,366411.4,366411.4
566,"Kerala","THRISSUR",594,2094356,1023881,32.835253,3118237,25,18,,,472,83,24,35,4,3,7,15,9,6606.434,7301.849,37569.12,40252.63,173235.4,445462.4,346470.8
567,"Kerala","WAYANAD",590,31556,785166,96.136262,816722,8,7,,,204,23,9,10,2,3,3,3,4,4003.539,4003.539,35509.65,35509.65,116674.6,272240.7,204180.5
568,"Tamil Nadu","CHENNAI",603,4639838,0,0,4639838,,,,,0,122,1,10,0,,,,,15000,15000,38031.46,100000,500000,500000,500000
569,"Tamil Nadu","COIMBATORE",632,2616558,837918,24.256009,3454476,18,22,,,328,68,13,11,1,3,13,1,4,10531.94,15000,50801.12,64655.97,157021.6,265728.9,500000
570,"Tamil Nadu","CUDDALORE",617,884057,1718640,66.033042,2602697,14,24,,,319,59,14,7,1,2,20,1,19,8158.925,9615.876,44113.51,49015.01,108445.7,130134.9,136984
571,"Tamil Nadu","DHARMAPURI",630,260827,1245223,82.681385,1506050,9,13,,,218,40,9,4,1,1,7,2,5,6908.486,10746.53,37651.25,42357.66,115850,215150,301210
572,"Tamil Nadu","DINDIGUL",612,807423,1349645,62.568496,2157068,15,27,,,311,56,15,11,1,1,9,1,8,6935.91,7383.388,38519.07,40353.31,79891.41,239674.2,269633.5
573,"Tamil Nadu","ERODE",610,1157289,1092875,48.568682,2250164,20,21,,,311,57,15,7,1,5,21,1,21,7235.254,11576.41,39476.56,39476.56,107150.7,107150.7,107150.7
574,"Tamil Nadu","KANCHEEPURAM",604,2535422,1457249,36.498099,3992671,14,25,,,364,63,14,10,1,2,20,1,20,10968.88,15000,63375.73,67600.78,159706.8,199633.5,199633.5
575,"Tamil Nadu","KANNIYAKUMARI",629,1539114,330335,17.67018,1869449,10,21,,,267,37,10,9,1,1,15,0,15,7001.682,15000,50525.65,50525.65,89021.38,124629.9,124629.9
576,"Tamil Nadu","KARUR",613,434368,629705,59.178741,1064073,9,15,,,168,29,9,6,1,1,7,1,5,6333.768,15000,36692.17,36692.17,70938.2,152010.4,212814.6
577,"Tamil Nadu","KRISHNAGIRI",631,428141,1450754,77.213149,1878895,11,17,,,238,49,11,5,1,1,8,1,7,7894.517,12123.72,38344.8,38344.8,110523.2,234861.9,268413.6
578,"Tamil Nadu","MADURAI",623,1845356,1190364,39.211917,3035720,14,19,,,314,65,14,7,1,1,5,2,7,9667.898,13080.1,46703.38,56044.06,159774.7,500000,433674.3
579,"Tamil Nadu","NAGAPATTINAM",618,364422,1251054,77.441819,1615476,12,23,,,258,47,12,11,1,1,16,1,16,6261.535,8805.283,34371.83,36008.58,70238.09,100967.3,100967.3
580,"Tamil Nadu","NAMAKKAL",609,695732,1029650,59.67664,1725382,16,23,,,240,42,16,7,1,4,8,1,5,7189.092,15000,41080.52,48330.03,75016.61,215672.8,345076.4
581,"Tamil Nadu","PERAMBALUR",615,97064,467676,82.812622,564740,,9,,,90,24,5,2,1,,1,,1,6274.889,15000,23530.83,25099.55,62748.89,500000,500000
582,"Tamil Nadu","PUDUKKOTTAI",621,316222,1301234,80.449422,1617456,14,25,,,242,52,14,12,1,1,6,2,2,6683.703,15000,31104.92,31104.92,64698.24,269576,500000
583,"Tamil Nadu","RAMANATHAPURAM",626,409777,941197,69.668032,1350974,15,23,,,244,45,12,9,1,1,4,3,7,5536.779,15000,30021.64,37085.56,58738,337743.5,192996.3
584,"Tamil Nadu","SALEM",608,1773095,1707023,49.050722,3480118,21,29,,,398,78,21,10,1,2,23,1,23,8744.015,15000,44616.9,44616.9,120004.1,151309.5,151309.5
585,"Tamil Nadu","SIVAGANGA",622,412601,925435,69.163685,1338036,12,31,,,275,38,13,10,1,2,11,3,10,4865.585,15000,35211.47,43036.25,43162.45,121639.6,133803.6
586,"Tamil Nadu","THANJAVUR",620,850839,1553508,64.612471,2404347,14,29,,,309,62,15,14,1,1,10,3,8,7781.058,10271,38779.79,47397.52,82908.52,240434.7,300543.4
587,"Tamil Nadu","NILGIRIS",611,435361,299410,40.74875,734771,5,10,,,194,30,5,5,1,1,4,1,2,3787.479,15000,24492.37,28260.42,73477.1,183692.8,367385.5
588,"Tamil Nadu","THENI",624,670081,574673,46.167596,1244754,9,15,,,162,30,9,6,1,1,14,0,14,7683.667,15000,41491.8,41491.8,82983.6,88911,88911
589,"Tamil Nadu","THIRUVALLUR",602,2425404,1298281,34.865489,3723685,15,26,,,303,52,15,12,1,2,13,1,10,12289.39,15000,71609.33,77117.73,143218.7,286437.3,372368.5
590,"Tamil Nadu","THIRUVARUR",619,257535,1004579,79.594949,1262114,11,19,,,195,36,11,7,1,1,3,1,5,6472.379,15000,35058.72,43149.2,66427.05,420704.7,252422.8
591,"Tamil Nadu","TIRUCHIRAPPALLI",614,1336920,1382959,50.846343,2719879,12,23,,,307,64,15,10,1,3,9,1,6,8859.541,9629.936,42498.11,50997.73,118255.6,302208.8,453313.2
592,"Tamil Nadu","TIRUNELVELI",628,1519352,1555617,50.589681,3074969,18,29,,,379,82,20,15,1,0,26,3,26,8113.375,15000,37499.62,40384.21,106033.4,118268,118268
593,"Tamil Nadu","TIRUVANAMALAI",606,494606,1968313,79.917894,2462919,19,26,,,410,78,19,7,1,3,3,3,5,6007.12,15000,31575.88,38862.63,94727.66,500000,492583.8
594,"Tamil Nadu","TOOTHUKUDI",627,876213,872255,49.886815,1748468,11,18,,,253,45,13,9,1,3,7,4,6,6910.941,15000,38854.84,43172.05,97137.11,249781.1,291411.3
595,"Tamil Nadu","VELLORE",605,1700682,2232581,56.761549,3933263,19,30,,,455,92,21,12,1,2,10,1,9,8644.534,15000,42752.86,51303.43,131108.8,393326.3,437029.2
596,"Tamil Nadu","VILUPPURAM",607,518638,2936759,84.990495,3455397,23,35,,,557,86,23,10,1,4,10,2,10,6203.585,15000,40179.04,40179.04,98725.63,345539.7,345539.7
597,"Tamil Nadu","VIRUDHUNAGAR",625,979690,961028,49.519199,1940718,11,19,,,245,48,12,9,1,2,12,1,14,7921.298,15000,40431.63,49416.43,102143.1,161726.5,138622.7
598,"Puducherry","KARAIKAL",637,97973,101883,50.978204,199856,2,3,,,17,11,1,2,1,1,,1,,11756.24,13435.7,18168.73,18168.73,66618.66,500000,500000
599,"Puducherry","MAHE",636,41731,0,0,41731,2,2,,,4,1,1,1,1,1,2,1,2,10432.75,10432.75,41731,41731,20865.5,20865.5,20865.5
600,"Puducherry","PONDICHERRY",635,656836,292819,30.83425,949655,3,4,,,55,28,2,5,1,1,2,1,3,15000,15000,33916.25,39568.96,237413.8,474827.5,316551.7
601,"Puducherry","YANAM",634,55610,0,0,55610,,1,,,4,0,0,0,1,,,,,13902.5,13902.5,100000,100000,55610,500000,500000
602,"A & N Islands","SOUTH ANDAMAN",640,140559,97303,40.907333,237862,1,2,,,38,15,1,0,1,,1,,1,6259.526,8606.849,15857.47,15857.47,118931,237862,237862
603,"A & N Islands","NICOBAR",638,0,36796,100,36796,1,2,,,40,4,1,0,1,,0,,1,919.9,1379.85,9199,9199,18398,500000,36796
604,"Haryana","MEWAT",87,123972,964562,88.611104,1088534,6,4,,,86,20,4,0,2,2,1,0,0,12657.37,13232.71,54426.7,54426.7,272133.5,500000,500000
605,"Punjab","BARNALA",54,190606,404491,67.9706,595097,6,4,,,80,13,12,1,1,1,2,3,1,7438.712,9829.728,45776.69,52316.22,148774.3,297548.5,500000
606,"Jharkhand","KHUNTI",365,44979,486558,91.537936,531537,,,,,111,4,7,0,1,,,,,4788.622,15000,100000,100000,500000,500000,500000
607,"Jharkhand","RAMGARH",361,418772,530294,55.875355,949066,,,,,58,15,16,0,1,,,,,15000,15000,63271.07,100000,500000,500000,500000
608,"Punjab","MOHALI SAS NAGAR",52,544238,449752,45.247135,993990,4,5,,,110,23,10,2,1,2,5,2,4,9036.272,13554.41,43216.96,43216.96,198798,198798,248497.5
609,"Punjab","TARN TARAN",50,141460,974958,87.329119,1116418,11,11,,,158,21,20,2,1,1,3,6,5,7065.937,7708.294,53162.76,79744.14,101492.5,372139.3,223283.6
610,"Tamil Nadu","ARIYALUR",616,83726,670632,88.901026,754358,11,10,,,117,32,7,3,1,1,3,1,2,6447.504,15000,23573.69,26520.4,75435.8,251452.7,377179
611,"Bihar","ARWAL",240,51676,647353,92.60746,699029,4,4,,,62,33,0,0,3,2,3,4,4,11274.66,15000,21182.7,22103.68,174757.3,233009.7,174757.3
612,"Assam","CHIRANG",320,35327,446717,92.671416,482044,1,,,,108,27,3,0,1,,,,,4463.371,15000,17853.48,100000,500000,500000,500000
613,"Nagaland","PEREN",271,13786,81360,85.510689,95146,,2,,,25,9,1,0,1,,1,,1,3805.84,3805.84,10571.78,10571.78,47573,95146,95146
614,"Nagaland","KIPHIRE",269,16484,57479,77.713181,73963,,2,,,26,4,1,0,1,,1,,0,2844.731,2844.731,18490.75,24654.33,36981.5,73963,500000
615,"Nagaland","LONGLENG",268,7611,42840,84.914075,50451,,1,,,12,3,0,0,1,,,,,4204.25,4204.25,16817,16817,50451,500000,500000
616,"Assam","BAKSA",324,12236,937218,98.711259,949454,3,,,,204,45,5,0,1,,,,,4654.186,15000,21098.98,100000,500000,500000,500000
617,"Assam","UDALGURI",326,37553,793141,95.479322,830694,1,,,,179,50,4,0,1,,,,,4640.749,15000,16613.88,100000,500000,500000,500000
618,"Assam","KAMRUP M",322,1034987,216874,17.324128,1251861,4,,,,60,66,3,0,6,3,,1,,15000,15000,18967.59,100000,500000,500000,500000
619,"Haryana","PALWAL",89,236435,805710,77.312658,1042145,,5,,,99,24,5,0,1,,1,,1,10526.72,13296.91,43422.71,69476.34,208429,500000,500000
620,"Jammu & Kashmir","KISHTWAR",18,14859,215571,93.551621,230430,,,,,60,17,2,0,1,,,,,3840.5,15000,13554.71,100000,500000,500000,500000
621,"Jammu & Kashmir","RAMBAN",17,11794,271556,95.837657,283350,,,,,56,19,3,0,1,,,,,5059.821,15000,14913.16,100000,500000,500000,500000
622,"Jammu & Kashmir","KULGAM",15,80569,343412,80.997026,423981,,,,,91,28,3,0,1,,,,,4659.132,15000,15142.18,100000,500000,500000,500000
623,"Jammu & Kashmir","BANDIPORA",9,65192,326453,83.354313,391645,,,,,45,12,3,0,2,,,,,8703.223,15000,32637.08,100000,500000,500000,500000
624,"Jammu & Kashmir","SAMBA",22,53552,264993,83.18856,318545,,,,,75,16,3,0,1,,,,,4247.267,15000,19909.06,100000,500000,500000,500000
625,"Jammu & Kashmir","SHOPIAN",13,16341,249655,93.856675,265996,,,,,47,10,2,0,1,,,,,5659.489,15000,26599.6,100000,500000,500000,500000
626,"Jammu & Kashmir","GANDERBAL",11,47011,250010,84.1725,297021,,,,,44,22,1,0,1,,,,,6750.477,15000,13500.95,100000,500000,500000,500000
627,"Jammu & Kashmir","REASI",20,26977,287500,91.42163,314477,,,,,126,42,4,0,1,,,,,2495.849,15000,7487.548,100000,500000,500000,500000
628,"Arunachal Pradesh","ANJAW",260,978,20146,95.370195,21124,3,2,,,16,5,3,0,0,0,,1,,1320.25,1320.25,4224.8,21124,10562,500000,500000
629,"Rajasthan","PRATAPGARH",131,71636,794760,91.731725,866396,,,,,209,36,8,6,1,,,,,4145.436,15000,24066.55,100000,500000,500000,500000
630,"Karnataka","CHIKKABALLAPUR",582,280728,972886,77.606504,1253614,,8,,,203,60,2,13,1,,7,,5,6175.438,7879.008,20893.57,25072.28,156701.8,179087.7,250722.8
631,"Karnataka","RAMANAGAR",584,267587,813610,75.250856,1081197,,8,,,240,62,4,12,1,,8,,4,4504.987,4979.197,17438.66,29645.72,135149.6,135149.6,270299.3
632,"A & N Islands","NORTH AND MIDDLE ANDAMAN",639,2741,102814,97.403249,105555,,3,,,43,8,2,0,1,,0,,0,2454.767,2863.895,13194.38,13194.38,35185,500000,500000
633,"Uttar Pradesh","KASHI RAM NAGAR",202,286766,1144240,79.960531,1431006,,,,,170,32,19,0,2,,,,,8417.683,15000,44718.94,100000,500000,500000,500000
634,"Tamil Nadu","TIRUPUR",633,1520163,957137,38.636298,2477300,,24,,,242,40,14,9,1,,17,,15,10236.78,15000,61932.5,61932.5,103220.8,145723.5,165153.3
635,"Karnataka","YADGIR",580,220646,953213,81.203364,1173859,,8,,,170,44,7,10,1,,2,,3,6905.053,10476.63,26678.61,33081.48,146732.4,500000,391286.3
636,"Chhattisgarh","BIJAPUR",417,29590,225487,88.399581,255077,,,,,79,13,6,0,1,,,,,3228.823,15000,19621.31,100000,500000,500000,500000
637,"Chhattisgarh","NARAYANPUR",415,22063,117598,84.202462,139661,,,,,65,8,4,0,1,,,,,2148.631,15000,17457.63,100000,500000,500000,500000
638,"Madhya Pradesh","SINGROLI",463,226492,950698,80.759945,1177190,,,,,159,16,7,0,1,,,,,7403.71,15000,73574.38,100000,500000,500000,500000
639,"Madhya Pradesh","ALIRAJPUR",465,57026,671299,92.170254,728325,,,,,157,15,6,0,1,,,,,4639.013,15000,48555,100000,500000,500000,500000
640,"Uttar Pradesh","C S M NAGAR",0,,,,,,,,,342,47,15,0,1,,,,,15000,15000,100000,100000,500000,500000,500000
641,"Gujarat","TAPI",493,78922,722719,90.154945,801641,,,,,259,36,16,0,1,,,,,3095.139,15000,22267.8,100000,500000,500000,500000
642,"Chhattisgarh","SUKMA",0,,,,,,,,,81,13,3,0,1,,,,,15000,15000,100000,100000,500000,500000,500000
643,"Chhattisgarh","KONDAGAON",0,,,,,,,,,172,22,5,4,1,,,,,15000,15000,100000,100000,500000,500000,500000
644,"Chhattisgarh","BALODA BAZAR",0,,,,,,,,,212,28,10,0,2,,,,,15000,15000,100000,100000,500000,500000,500000
645,"Chhattisgarh","GARIYABAND",0,,,,,,,,,205,18,8,0,2,,,,,15000,15000,100000,100000,500000,500000,500000
646,"Chhattisgarh","BALOD",0,,,,,,,,,195,27,9,0,2,,,,,15000,15000,100000,100000,500000,500000,500000
647,"Chhattisgarh","MUNGELI",0,,,,,,,,,114,27,3,2,1,,,,,15000,15000,100000,100000,500000,500000,500000
648,"Chhattisgarh","SURAJPUR",0,,,,,,,,,210,39,8,0,1,,,,,15000,15000,100000,100000,500000,500000,500000
649,"Chhattisgarh","BALRAMPUR",0,,,,,,,,,193,24,6,0,1,,,,,15000,15000,100000,100000,500000,500000,500000
650,"Chhattisgarh","BEMETRA",0,,,,,,,,,127,28,9,0,2,,,,,15000,15000,100000,100000,500000,500000,500000
651,"Punjab","FAZILKA",0,,,,,,,,,115,23,14,1,1,,,,,15000,15000,100000,100000,500000,500000,500000
652,"Tripura","KHOWAI",0,,,,,,,,,106,7,2,0,1,,,,,15000,15000,100000,100000,500000,500000,500000
653,"Tripura","SIPAHIJALA",0,,,,,,,,,154,14,4,2,0,,,,,15000,15000,100000,100000,500000,500000,500000
654,"Tripura","GOMATI",0,,,,,,,,,143,11,3,2,1,,,,,15000,15000,100000,100000,500000,500000,500000
655,"Tripura","UNAKOTI",0,,,,,,,,,74,7,1,1,1,,,,,15000,15000,100000,100000,500000,500000,500000
656,"Meghalaya","NORTH GARO HILLS",0,,,,,,,,,50,7,1,0,0,,,,,15000,15000,100000,100000,500000,500000,500000
657,"Meghalaya","EAST JAINTIA HILLS",0,,,,,,,,,43,6,2,0,0,,,,,15000,15000,100000,100000,500000,500000,500000
658,"Meghalaya","SOUTH WEST KHASI HILLS",0,,,,,,,,,23,2,2,0,0,,,,,15000,15000,100000,100000,500000,500000,500000
659,"Uttar Pradesh","SAMBHAL",0,,,,,,,,,215,7,7,0,1,,,,,15000,15000,100000,100000,500000,500000,500000
660,"Uttar Pradesh","SHAMLI",0,,,,,,,,,137,32,6,0,0,,,,,15000,15000,100000,100000,500000,500000,500000
661,"Uttar Pradesh","HAPUR",0,,,,,,,,,173,26,5,0,0,,,,,15000,15000,100000,100000,500000,500000,500000
662,"Punjab","PATHANKOT",0,,,,,,,,,74,9,8,1,1,,,,,15000,15000,100000,100000,500000,500000,500000
663,"Meghalaya","SOUTH WEST GARO HILLS",0,,,,,,,,,26,7,2,0,0,,,,,15000,15000,100000,100000,500000,500000,500000
665,"Maharashtra","PALGHAR",0,,,,,,,,,308,68,11,5,2,,,,,15000,15000,100000,100000,500000,500000,500000
666,"Arunachal Pradesh","LONGDING",0,,,,,,,,,,,,,,,,,,15000,15000,100000,100000,500000,500000,500000
667,"Madhya Pradesh","AGAR MALWA",0,,,,,,,,,72,6,3,0,1,,,,,15000,15000,100000,100000,500000,500000,500000
668,"Gujarat","CHHOTAUDEPUR",0,,,,,,,,,263,45,16,2,0,,,,,15000,15000,100000,100000,500000,500000,500000
669,"Gujarat","MAHISAGAR",0,,,,,,,,,234,35,13,5,0,,,,,15000,15000,100000,100000,500000,500000,500000
670,"Delhi","SOUTH EAST",0,,,,,,,,,29,50,17,0,5,,,,,15000,15000,100000,100000,500000,500000,500000
671,"Delhi","SHAHDARA",0,,,,,,,,,27,40,27,5,4,,,,,15000,15000,100000,100000,500000,500000,500000
672,"Gujarat","ARAVALLI",0,,,,,,,,,190,33,8,13,0,,,,,15000,15000,100000,100000,500000,500000,500000
