﻿Series Name,Series Code,Country Name,Country Code,1990 [YR1990],2000 [YR2000],2007 [YR2007],2008 [YR2008],2009 [YR2009],2010 [YR2010],2011 [YR2011],2012 [YR2012],2013 [YR2013],2014 [YR2014],2015 [YR2015],2016 [YR2016]
"Health expenditure, public (% of total health expenditure)",SH.XPD.PUBL,India,IND,..,26.09067894,26.01662409,26.79439947,27.90320724,27.1285671,27.13774505,26.97337478,28.41362412,30.03652267,..,..
,,,,,,,,,,,,,,,
,,,,,,,,,,,,,,,
,,,,,,,,,,,,,,,
Data from database: World Development Indicators,,,,,,,,,,,,,,,
Last Updated: 02/01/2017,,,,,,,,,,,,,,,
